Age,Gender,Country,family_history,work_interfere,no_employees,remote_work,tech_company,wellness_program,seek_help,anonymity,leave,mental_health_consequence,phys_health_consequence,coworkers,mental_vs_physical,obs_consequence
26,Male,United Kingdom,No,Never,Unknown,No,Yes,No,No,Don't know,Don't know,Yes,Maybe,Some of them,Don't know,No
29,Male,United States,Yes,Never,100-500,No,Yes,Yes,Yes,Don't know,Don't know,No,No,Some of them,Yes,No
31,Male,United Kingdom,No,Never,100-500,No,Yes,No,Yes,Don't know,Don't know,Maybe,Yes,Some of them,Yes,No
49,Male,United States,Yes,Sometimes,More than 1000,No,Yes,No,Yes,Yes,Somewhat difficult,Yes,Maybe,No,No,Yes
28,Male,United States,Yes,Often,More than 1000,No,No,Yes,Yes,Yes,Somewhat easy,Yes,Maybe,Some of them,No,Yes
37,Male,United Kingdom,No,Sometimes,More than 1000,No,No,Yes,Yes,Yes,Very difficult,Yes,Yes,Some of them,Yes,No
30,Male,United States,Yes,Never,More than 1000,No,No,No,Don't know,Don't know,Don't know,Yes,Maybe,No,No,No
30,Male,United Kingdom,No,Sometimes,26-100,No,Yes,No,No,Don't know,Somewhat difficult,Yes,Maybe,Some of them,No,No
36,Male,United States,No,Never,Unknown,No,Yes,No,No,Don't know,Somewhat easy,Maybe,No,Some of them,Yes,No
29,Male,United States,No,Sometimes,Unknown,No,Yes,No,Yes,Yes,Very easy,No,No,No,Yes,No
48,Male,United States,No,Never,26-100,No,No,Yes,Yes,Yes,Don't know,Maybe,No,Some of them,Don't know,No
30,Male,Italy,No,Sometimes,More than 1000,No,No,No,No,Yes,Very easy,No,No,Some of them,Don't know,No
26,Male,United States,Yes,Rarely,Unknown,No,Yes,No,No,Don't know,Don't know,Maybe,No,Some of them,Don't know,No
37,Male,United States,Yes,Rarely,100-500,No,No,Yes,Yes,Don't know,Somewhat easy,Maybe,Maybe,Some of them,Don't know,No
31,Male,United States,No,Sometimes,500-1000,No,No,No,Don't know,Yes,Don't know,No,No,Some of them,No,No
41,Male,United States,Yes,Rarely,100-500,Yes,Yes,Don't know,Yes,Yes,Somewhat easy,No,No,Some of them,Yes,No
26,Male,United Kingdom,No,Rarely,Unknown,Yes,Yes,Don't know,Don't know,Don't know,Somewhat difficult,No,No,Yes,Yes,No
34,Female,United Kingdom,Yes,Often,26-100,Yes,No,No,Yes,No,Somewhat easy,Yes,Yes,Some of them,Don't know,No
24,Female,United States,Yes,Often,Unknown,No,Yes,No,No,Yes,Very easy,No,No,Some of them,No,Yes
25,Male,United States,Yes,Sometimes,26-100,No,Yes,No,No,Don't know,Very easy,Maybe,No,Some of them,Don't know,Yes
23,Female,United States,Yes,Sometimes,26-100,No,No,No,No,Don't know,Somewhat difficult,Yes,No,No,No,No
26,Male,Canada,Yes,Often,26-100,Yes,Yes,Don't know,Don't know,Don't know,Very easy,No,No,Yes,Yes,No
27,Male,United States,Yes,Sometimes,100-500,No,Yes,No,Don't know,Don't know,Don't know,Yes,No,No,Don't know,No
46,Female,United States,No,Often,100-500,Yes,No,No,No,Yes,Don't know,Maybe,No,Some of them,No,No
34,Male,United States,No,Sometimes,100-500,No,Yes,No,No,Don't know,Don't know,Yes,No,Some of them,Don't know,No
38,Male,United States,No,Sometimes,More than 1000,No,No,Yes,Yes,Don't know,Don't know,No,No,Some of them,Don't know,No
45,Male,United States,Yes,Rarely,Unknown,Yes,Yes,No,Yes,Yes,Very easy,No,No,Yes,Yes,No
34,Male,United Kingdom,No,Never,500-1000,No,Yes,No,Don't know,Don't know,Very easy,Maybe,No,Yes,Yes,No
37,Female,United States,Yes,Often,26-100,No,Yes,No,No,Yes,Don't know,Maybe,No,Some of them,Don't know,No
29,Male,United States,No,Never,26-100,No,Yes,No,Don't know,Don't know,Don't know,No,No,Yes,No,No
37,Female,United States,No,Rarely,More than 1000,No,Yes,Don't know,Yes,Don't know,Somewhat easy,No,No,Some of them,Yes,No
33,Female,United Kingdom,No,Never,100-500,No,Yes,No,Don't know,Don't know,Very easy,Maybe,No,Some of them,No,No
21,Male,United States,Yes,Rarely,100-500,No,Yes,No,Don't know,Yes,Don't know,No,No,Yes,Don't know,No
28,Female,United States,Yes,Often,100-500,Yes,No,Yes,Yes,Yes,Somewhat easy,Yes,No,Some of them,Yes,No
30,Male,United States,Yes,Often,Unknown,Yes,Yes,No,No,Yes,Very easy,No,No,Yes,Yes,No
45,Male,Ireland,No,Never,More than 1000,Yes,Yes,No,No,Don't know,Don't know,Yes,No,Yes,No,Yes
18,Female,United Kingdom,Yes,Sometimes,Unknown,Yes,Yes,Don't know,Don't know,Don't know,Don't know,Maybe,Maybe,Some of them,Don't know,No
31,Female,United States,No,Sometimes,More than 1000,No,Yes,Don't know,Don't know,Yes,Somewhat easy,No,No,Yes,Yes,No
23,Male,Ireland,Yes,Sometimes,Unknown,No,Yes,No,No,Don't know,Very difficult,Yes,No,No,No,No
35,Male,United States,No,Never,26-100,No,Yes,Yes,Don't know,Don't know,Don't know,No,No,Some of them,Yes,No
33,Female,Canada,Yes,Often,Unknown,Yes,Yes,No,No,No,Very difficult,Yes,Yes,No,No,Yes
36,Male,Finland,No,Often,Unknown,No,Yes,No,No,No,Very difficult,Yes,No,Some of them,Don't know,Yes
37,Male,Ireland,No,Never,Unknown,No,Yes,No,No,Don't know,Don't know,Yes,Maybe,No,Don't know,No
31,Female,United States,Yes,Never,More than 1000,No,No,No,Don't know,Don't know,Don't know,Yes,Yes,No,Don't know,No
25,Male,United Kingdom,No,Never,Unknown,Yes,Yes,Don't know,Don't know,Don't know,Very easy,No,No,Yes,Don't know,No
29,Female,United States,Yes,Rarely,Unknown,No,Yes,No,No,Don't know,Don't know,Yes,No,No,Don't know,No
34,Male,United Kingdom,No,Sometimes,26-100,No,Yes,No,No,Don't know,Somewhat easy,Maybe,Maybe,Yes,Don't know,No
28,Female,Canada,Yes,Sometimes,Unknown,No,No,Yes,Yes,Yes,Don't know,No,No,Some of them,No,Yes
44,Male,United States,Yes,Sometimes,More than 1000,No,No,No,Don't know,Don't know,Don't know,Yes,Maybe,Some of them,Don't know,Yes
34,Female,United Kingdom,No,Sometimes,More than 1000,No,No,No,Yes,Yes,Somewhat difficult,Maybe,Maybe,Some of them,No,Yes
37,Male,United States,Yes,Sometimes,100-500,No,Yes,Don't know,Don't know,Yes,Don't know,Maybe,No,Yes,Don't know,No
32,Male,United States,No,Never,100-500,No,Yes,No,Don't know,Don't know,Don't know,Maybe,No,Some of them,Don't know,No
36,Male,United Kingdom,No,Sometimes,Unknown,Yes,Yes,No,No,Don't know,Somewhat difficult,No,No,Yes,Don't know,Yes
43,Male,United States,No,Sometimes,More than 1000,Yes,Yes,No,No,Don't know,Very difficult,Yes,Maybe,No,No,Yes
31,Female,United States,Yes,Rarely,100-500,No,Yes,No,No,Yes,Somewhat easy,No,No,Yes,Yes,No
48,Male,Australia,No,Sometimes,Unknown,No,Yes,No,No,Don't know,Somewhat easy,Yes,No,Some of them,No,Yes
25,Female,United States,No,Never,More than 1000,No,Yes,Yes,Yes,Don't know,Don't know,Maybe,No,Some of them,Yes,No
20,Male,United States,No,Never,26-100,No,Yes,Don't know,Don't know,Don't know,Don't know,No,No,Some of them,Yes,No
29,Male,United States,Yes,Rarely,Unknown,Yes,Yes,Yes,Yes,Yes,Somewhat easy,No,No,Yes,Yes,No
30,Male,United States,No,Sometimes,100-500,Yes,Yes,No,Yes,Yes,Don't know,No,No,Yes,Yes,No
38,Male,United States,No,Sometimes,More than 1000,Yes,Yes,Yes,Yes,Yes,Very easy,No,No,Yes,Don't know,No
34,Male,Canada,No,Never,Unknown,No,Yes,Don't know,Don't know,Don't know,Somewhat easy,No,No,Some of them,Don't know,No
37,Male,Canada,Yes,Rarely,More than 1000,No,No,Yes,Yes,Don't know,Don't know,Maybe,Maybe,Some of them,Don't know,No
40,Male,United States,Yes,Often,500-1000,Yes,Yes,No,Don't know,Don't know,Don't know,Maybe,Maybe,Some of them,Don't know,No
36,Male,United States,No,Rarely,More than 1000,Yes,Yes,Yes,Don't know,Don't know,Somewhat easy,Maybe,No,No,Don't know,No
39,Male,United Kingdom,Yes,Sometimes,Unknown,Yes,Yes,Yes,Yes,Yes,Somewhat difficult,No,No,Yes,Yes,Yes
33,Male,United States,Yes,Sometimes,Unknown,Yes,Yes,No,No,Yes,Very easy,No,No,Some of them,Yes,No
27,Female,United Kingdom,No,Sometimes,Unknown,Yes,Yes,Yes,Don't know,Yes,Very easy,No,No,Yes,Yes,No
23,Male,United States,No,Never,26-100,No,Yes,Don't know,Don't know,Don't know,Don't know,No,No,No,Yes,No
25,Male,United States,Yes,Sometimes,26-100,No,No,No,No,Yes,Don't know,Maybe,No,Some of them,Don't know,No
29,Female,United Kingdom,No,Often,More than 1000,No,No,No,No,Don't know,Don't know,Maybe,No,Some of them,No,Yes
48,Female,United States,Yes,Often,26-100,No,Yes,No,No,No,Very difficult,Yes,Yes,No,No,Yes
36,Male,United States,No,Never,Unknown,No,Yes,No,Don't know,Don't know,Somewhat difficult,No,No,Some of them,Yes,No
39,Male,Canada,No,Never,Unknown,Yes,Yes,No,No,Yes,Don't know,No,No,No,No,No
26,Female,United States,Yes,Never,26-100,No,Yes,No,No,Don't know,Somewhat difficult,Maybe,Maybe,Some of them,No,No
28,Male,United States,Yes,Sometimes,26-100,No,Yes,No,No,Don't know,Don't know,Maybe,No,Some of them,No,No
32,Male,United Kingdom,No,Sometimes,26-100,No,No,No,No,Yes,Very easy,No,No,No,Yes,No
38,Male,United States,No,Never,More than 1000,No,Yes,Yes,Yes,Yes,Somewhat easy,Maybe,Maybe,Some of them,No,Yes
20,Male,Georgia,No,Rarely,26-100,No,No,No,No,Don't know,Very difficult,Yes,Yes,Some of them,No,No
41,Male,United States,No,Sometimes,26-100,Yes,Yes,Don't know,No,Don't know,Very easy,No,No,Yes,Yes,No
40,Male,United States,Yes,Sometimes,More than 1000,No,Yes,Yes,Yes,Yes,Don't know,Yes,Yes,No,No,Yes
35,Female,United States,Yes,Sometimes,Unknown,Yes,Yes,No,No,Don't know,Somewhat easy,No,No,Yes,Yes,No
39,Female,United Kingdom,No,Sometimes,More than 1000,No,Yes,No,Yes,Don't know,Don't know,Yes,No,Some of them,No,Yes
28,Male,Brazil,Yes,Sometimes,100-500,No,Yes,No,No,Don't know,Somewhat easy,No,No,Some of them,Don't know,Yes
28,Female,United States,Yes,Sometimes,26-100,Yes,Yes,No,No,Don't know,Somewhat easy,Yes,No,Some of them,No,No
34,Female,United Kingdom,Yes,Rarely,26-100,No,No,Yes,Yes,Yes,Very easy,No,No,Some of them,Yes,No
24,Female,United States,Yes,Sometimes,More than 1000,No,No,No,Don't know,Don't know,Somewhat difficult,Yes,Maybe,Some of them,No,Yes
35,Male,United States,No,Never,Unknown,No,Yes,No,No,Yes,Very easy,No,No,Some of them,Yes,No
46,Male,United States,Yes,Often,26-100,No,Yes,No,No,Don't know,Don't know,Maybe,No,Some of them,No,No
40,Male,United States,Yes,Sometimes,More than 1000,Yes,Yes,Yes,Yes,Don't know,Don't know,Yes,Maybe,Some of them,No,Yes
28,Male,United Kingdom,No,Often,Unknown,No,Yes,No,No,No,Somewhat difficult,Yes,No,No,Yes,No
28,Male,United States,Yes,Sometimes,26-100,Yes,Yes,No,Don't know,Don't know,Don't know,Yes,No,Some of them,Don't know,Yes
30,Male,United States,Yes,Often,26-100,No,Yes,Yes,Yes,Don't know,Don't know,No,No,Some of them,Yes,No
37,Male,United Kingdom,No,Often,Unknown,No,Yes,No,No,Don't know,Don't know,Yes,No,Yes,No,No
25,Female,Sweden,Yes,Sometimes,Unknown,No,Yes,Yes,No,Don't know,Somewhat easy,No,No,Some of them,No,No
26,Male,United States,Yes,Sometimes,100-500,No,Yes,No,No,Don't know,Don't know,Maybe,No,Some of them,Don't know,No
21,Male,United Kingdom,No,Sometimes,More than 1000,No,No,No,Don't know,Don't know,Don't know,Maybe,No,Some of them,Don't know,No
26,Male,United States,No,Never,26-100,No,Yes,No,No,Don't know,Don't know,Yes,Yes,Some of them,No,No
46,Male,United States,No,Often,26-100,Yes,Yes,No,No,Don't know,Don't know,Maybe,No,Some of them,No,No
31,Female,United States,Yes,Sometimes,100-500,No,Yes,No,No,Don't know,Somewhat difficult,No,No,Yes,Don't know,No
33,Male,United Kingdom,No,Sometimes,26-100,No,Yes,No,No,Don't know,Don't know,Maybe,No,Some of them,Don't know,No
23,Male,United States,No,Sometimes,Unknown,No,Yes,No,No,No,Very easy,Maybe,Maybe,Some of them,No,No
27,Male,United States,No,Sometimes,100-500,No,Yes,No,No,Yes,Very difficult,Maybe,No,Some of them,No,No
25,Male,United States,Yes,Never,Unknown,Yes,Yes,Yes,Don't know,Don't know,Don't know,Yes,No,Some of them,No,No
43,Male,Croatia,No,Sometimes,Unknown,Yes,Yes,No,No,Yes,Very difficult,Yes,No,Yes,No,Yes
30,Male,United Kingdom,No,Never,Unknown,No,Yes,No,Don't know,Don't know,Very easy,No,No,Some of them,Yes,No
32,Female,United States,No,Sometimes,100-500,No,No,Don't know,Don't know,Yes,Very easy,No,No,Yes,Yes,No
31,Male,Germany,No,Sometimes,Unknown,Yes,Yes,No,No,No,Very easy,No,No,Yes,Yes,No
28,Male,Brazil,Yes,Rarely,Unknown,No,Yes,No,No,No,Don't know,Maybe,No,Yes,Don't know,Yes
23,Male,United States,No,Never,100-500,No,No,Don't know,Don't know,Don't know,Don't know,Maybe,No,Some of them,Don't know,No
22,Female,Netherlands,No,Often,Unknown,No,Yes,No,No,Don't know,Don't know,No,No,No,Don't know,No
22,Male,India,No,Never,More than 1000,No,Yes,No,No,Don't know,Very difficult,Yes,Maybe,No,No,No
44,Male,United States,Yes,Sometimes,Unknown,Yes,Yes,Yes,Yes,Yes,Somewhat difficult,Maybe,Maybe,Some of them,No,No
38,Male,United States,Yes,Sometimes,100-500,No,Yes,No,No,Don't know,Very difficult,Yes,Yes,No,No,No
32,Male,United States,No,Never,Unknown,No,Yes,Yes,Yes,Don't know,Somewhat easy,No,No,Yes,Yes,No
27,Male,New Zealand,No,Rarely,26-100,No,Yes,No,Yes,No,Somewhat difficult,Yes,No,No,No,Yes
39,Male,United States,No,Sometimes,500-1000,No,Yes,Yes,Don't know,Yes,Don't know,Yes,Maybe,Yes,Don't know,No
33,Male,United States,No,Sometimes,Unknown,Yes,Yes,No,No,Yes,Somewhat difficult,No,No,Yes,Don't know,No
33,Male,United Kingdom,Yes,Sometimes,Unknown,Yes,Yes,No,No,No,Very difficult,Yes,Maybe,Some of them,No,Yes
26,Male,Colombia,No,Often,Unknown,No,Yes,No,No,No,Very difficult,Yes,No,No,Yes,No
35,Male,United States,Yes,Sometimes,More than 1000,No,No,No,Don't know,No,Very easy,Yes,No,Some of them,No,No
27,Male,United Kingdom,No,Never,100-500,No,Yes,No,Yes,Don't know,Somewhat easy,No,No,Yes,Yes,No
37,Male,United Kingdom,No,Never,26-100,Yes,Yes,No,No,Don't know,Somewhat easy,No,No,Some of them,Don't know,No
33,Male,United States,Yes,Never,26-100,Yes,Yes,Yes,Yes,Don't know,Don't know,Yes,Maybe,Yes,Yes,No
32,Male,United States,Yes,Sometimes,100-500,No,Yes,Yes,Yes,Don't know,Don't know,Yes,No,Some of them,Don't know,No
38,Male,United States,Yes,Sometimes,More than 1000,No,No,Yes,Yes,Yes,Don't know,Maybe,No,Some of them,No,Yes
33,Male,United States,Yes,Sometimes,26-100,No,Yes,Yes,Yes,Yes,Somewhat easy,No,No,Some of them,Don't know,No
28,Male,Germany,No,Never,26-100,No,Yes,No,No,Don't know,Somewhat easy,No,No,Some of them,Don't know,No
21,Male,United Kingdom,No,Sometimes,Unknown,No,No,No,No,No,Very easy,Yes,No,Some of them,No,No
30,Male,United States,No,Often,Unknown,Yes,Yes,No,Yes,Don't know,Somewhat difficult,No,No,Yes,Yes,No
41,Male,United States,No,Sometimes,More than 1000,No,Yes,Yes,Yes,Yes,Don't know,Maybe,No,Some of them,Yes,Yes
27,Male,United States,No,Never,More than 1000,Yes,Yes,Don't know,Don't know,Yes,Somewhat easy,No,No,Some of them,Yes,No
22,Female,United States,Yes,Often,More than 1000,No,Yes,No,Don't know,Don't know,Don't know,Yes,Yes,No,Don't know,No
40,Female,United States,No,Sometimes,Unknown,No,Yes,No,No,Don't know,Don't know,Maybe,No,Some of them,Yes,No
26,Male,United States,No,Rarely,More than 1000,No,Yes,No,No,Yes,Somewhat easy,No,No,Some of them,No,No
28,Female,United States,Yes,Rarely,500-1000,No,Yes,Yes,Yes,Don't know,Somewhat difficult,Maybe,No,No,No,No
32,Male,United Kingdom,Yes,Rarely,Unknown,No,No,No,No,No,Don't know,Yes,Maybe,Some of them,No,No
29,Male,Belgium,No,Often,Unknown,No,No,No,No,Don't know,Don't know,Maybe,No,Yes,Don't know,No
28,Male,United States,Yes,Often,100-500,No,Yes,No,Don't know,Don't know,Don't know,Maybe,No,Some of them,Don't know,No
27,Male,United Kingdom,No,Never,Unknown,No,Yes,No,Don't know,Don't know,Don't know,No,No,Some of them,Don't know,No
23,Male,United States,Yes,Rarely,Unknown,No,Yes,No,No,Don't know,Don't know,Maybe,No,Some of them,Yes,No
22,Male,Australia,Yes,Often,100-500,No,No,Yes,Yes,Yes,Don't know,Maybe,Maybe,No,Don't know,Yes
34,Male,United States,Yes,Sometimes,Unknown,No,Yes,No,No,Don't know,Somewhat difficult,Maybe,No,Some of them,No,Yes
26,Male,Australia,Yes,Sometimes,26-100,Yes,Yes,No,No,Yes,Don't know,No,No,Yes,Yes,No
26,Male,Ireland,No,Never,Unknown,Yes,Yes,No,No,Don't know,Somewhat difficult,Maybe,No,Some of them,Yes,No
42,Male,United States,No,Sometimes,Unknown,Yes,Yes,No,No,Don't know,Somewhat easy,Maybe,No,No,Don't know,No
43,Male,United States,Yes,Never,100-500,No,No,No,Don't know,Don't know,Somewhat easy,Maybe,No,Some of them,No,No
40,Male,United States,No,Sometimes,More than 1000,Yes,Yes,Yes,Yes,Yes,Don't know,Yes,Maybe,No,No,Yes
38,Male,United States,Yes,Sometimes,100-500,No,Yes,No,No,Don't know,Don't know,Maybe,Maybe,Some of them,Don't know,No
34,Male,United States,Yes,Sometimes,More than 1000,No,Yes,Don't know,Yes,Yes,Don't know,Maybe,Maybe,No,Don't know,No
37,Male,Ireland,Yes,Sometimes,Unknown,No,Yes,No,No,Don't know,Very easy,No,No,Yes,Yes,No
35,Male,United States,Yes,Rarely,Unknown,No,Yes,Yes,Yes,Yes,Very easy,No,No,Some of them,Yes,No
31,Female,United States,Yes,Rarely,More than 1000,No,No,No,Don't know,Don't know,Very difficult,Yes,Maybe,No,No,No
20,Male,India,No,Sometimes,26-100,No,Yes,No,No,Don't know,Don't know,Yes,No,No,Yes,No
33,Male,Croatia,Yes,Sometimes,Unknown,Yes,Yes,No,Don't know,Yes,Very easy,No,No,Some of them,Yes,No
28,Male,Russia,No,Sometimes,26-100,No,Yes,No,No,Don't know,Don't know,Yes,Maybe,No,Don't know,No
23,Female,United States,No,Sometimes,26-100,No,Yes,No,Don't know,Don't know,Don't know,Maybe,No,Some of them,Don't know,No
41,Male,United States,No,Never,More than 1000,No,No,No,Don't know,Don't know,Don't know,Maybe,No,No,Don't know,No
28,Female,United States,No,Sometimes,26-100,No,Yes,No,No,Don't know,Somewhat difficult,Yes,Maybe,Some of them,No,Yes
37,Female,United States,Yes,Sometimes,26-100,Yes,Yes,No,Don't know,Don't know,Don't know,Yes,Maybe,No,Don't know,No
26,Male,Australia,Yes,Rarely,26-100,No,Yes,Don't know,Don't know,Don't know,Very easy,No,No,Yes,Yes,No
35,Male,Netherlands,Yes,Never,100-500,No,Yes,No,No,Yes,Don't know,Yes,No,No,Don't know,No
32,Female,United States,Yes,Sometimes,Unknown,No,Yes,No,No,No,Don't know,Yes,Maybe,Some of them,No,Yes
32,Male,United Kingdom,No,Never,Unknown,No,Yes,No,No,Don't know,Don't know,Maybe,No,Some of them,Yes,No
26,Female,United States,Yes,Sometimes,More than 1000,No,Yes,No,No,Don't know,Don't know,No,No,Some of them,No,Yes
29,Male,United States,No,Never,More than 1000,No,Yes,No,Yes,Don't know,Don't know,Yes,Yes,No,Don't know,No
41,Male,United States,Yes,Never,500-1000,Yes,No,No,No,Don't know,Don't know,Maybe,No,No,Don't know,No
32,Female,United States,No,Sometimes,More than 1000,No,Yes,No,Don't know,Don't know,Don't know,Maybe,No,Some of them,No,No
33,Male,United States,Yes,Sometimes,26-100,No,Yes,No,Yes,Don't know,Somewhat easy,No,No,Yes,Don't know,No
27,Male,United States,No,Sometimes,More than 1000,No,Yes,Don't know,Don't know,Don't know,Very easy,Yes,No,No,No,No
23,Male,United Kingdom,No,Sometimes,26-100,Yes,Yes,Don't know,Don't know,Don't know,Very easy,Maybe,No,Some of them,No,No
26,Male,United States,Yes,Rarely,100-500,Yes,No,No,Don't know,No,Don't know,Maybe,No,Some of them,No,No
43,Male,United States,Yes,Sometimes,Unknown,Yes,Yes,No,Don't know,Don't know,Don't know,Maybe,Maybe,Some of them,Don't know,No
37,Male,United States,No,Never,500-1000,Yes,Yes,Yes,Don't know,Don't know,Don't know,Maybe,No,Some of them,Yes,Yes
28,Male,United States,Yes,Sometimes,26-100,No,Yes,No,No,Don't know,Somewhat easy,Maybe,Maybe,Some of them,No,No
42,Female,Netherlands,No,Rarely,100-500,Yes,Yes,No,No,Yes,Don't know,Yes,No,Some of them,Don't know,No
32,Male,United States,No,Rarely,Unknown,Yes,Yes,No,No,Don't know,Very difficult,Maybe,No,Yes,Don't know,No
21,Male,United States,No,Often,More than 1000,No,No,No,No,No,Don't know,Yes,No,Some of them,No,Yes
34,Female,Ireland,No,Sometimes,500-1000,No,No,Yes,No,Yes,Don't know,Yes,Yes,Some of them,Yes,No
27,Male,United States,Yes,Sometimes,More than 1000,No,Yes,No,Don't know,Don't know,Don't know,No,No,No,Don't know,No
49,Male,Japan,Yes,Sometimes,Unknown,Yes,Yes,Yes,No,Don't know,Somewhat difficult,Yes,Yes,No,No,Yes
35,Male,United States,Yes,Sometimes,100-500,No,Yes,No,No,Don't know,Very difficult,Maybe,Maybe,Some of them,No,Yes
25,Male,Germany,Yes,Often,26-100,Yes,Yes,No,No,Yes,Somewhat easy,No,No,Yes,No,No
30,Male,United States,Yes,Sometimes,Unknown,Yes,Yes,No,Don't know,Don't know,Very difficult,Yes,No,No,Don't know,No
42,Male,New Zealand,No,Sometimes,More than 1000,No,No,Don't know,No,Yes,Somewhat difficult,Yes,Maybe,Some of them,No,Yes
30,Male,United Kingdom,Yes,Sometimes,500-1000,Yes,Yes,No,No,Yes,Somewhat easy,Maybe,No,Some of them,Don't know,No
44,Male,United States,Yes,Sometimes,Unknown,Yes,Yes,No,No,No,Very easy,Yes,Yes,Some of them,Yes,No
44,Male,United Kingdom,Yes,Sometimes,500-1000,No,No,No,No,Don't know,Somewhat difficult,Maybe,No,Some of them,No,Yes
32,Male,United States,Yes,Sometimes,26-100,Yes,Yes,No,No,Don't know,Somewhat difficult,Yes,No,Some of them,No,No
30,Male,Ireland,No,Rarely,100-500,No,Yes,Yes,Yes,Don't know,Somewhat easy,Yes,No,Some of them,No,Yes
39,Male,United States,No,Rarely,100-500,Yes,Yes,No,No,Yes,Very easy,Maybe,No,Some of them,Don't know,No
37,Female,United States,Yes,Rarely,26-100,No,No,Yes,Yes,Don't know,Don't know,Maybe,Maybe,Yes,Yes,No
32,Female,United States,No,Sometimes,26-100,No,Yes,No,No,Yes,Don't know,Maybe,Maybe,Some of them,No,No
37,Male,Canada,Yes,Sometimes,100-500,No,No,No,No,Don't know,Somewhat difficult,Yes,Maybe,Some of them,No,No
32,Male,United Kingdom,No,Rarely,Unknown,No,Yes,Yes,Yes,Yes,Very easy,No,No,Some of them,No,Yes
39,Male,United Kingdom,No,Never,26-100,No,No,No,No,Don't know,Don't know,Yes,Maybe,No,Don't know,No
40,Male,United States,Yes,Sometimes,Unknown,No,Yes,No,No,Yes,Don't know,Maybe,No,Some of them,Yes,No
26,Male,United States,No,Sometimes,Unknown,No,Yes,No,No,Yes,Don't know,Maybe,No,Some of them,Don't know,No
29,Male,Poland,Yes,Rarely,Unknown,No,Yes,No,No,Yes,Very difficult,Maybe,No,Some of them,No,No
30,Male,India,No,Often,Unknown,No,Yes,No,No,No,Very easy,Maybe,Maybe,Some of them,Don't know,No
24,Female,United States,Yes,Sometimes,Unknown,Yes,Yes,Don't know,Don't know,Don't know,Don't know,No,No,Some of them,Don't know,Yes
42,Male,United States,Yes,Sometimes,26-100,Yes,Yes,Yes,Yes,Yes,Very easy,Maybe,No,Some of them,Don't know,No
21,Male,United States,No,Often,Unknown,No,No,No,Don't know,Don't know,Don't know,Maybe,No,No,Don't know,No
31,Male,United States,No,Never,26-100,No,Yes,No,Don't know,Don't know,Don't know,Maybe,No,No,Don't know,No
32,Male,Netherlands,No,Sometimes,Unknown,No,Yes,No,No,Yes,Very difficult,Maybe,No,Some of them,No,No
43,Male,United Kingdom,Yes,Rarely,26-100,No,Yes,No,No,Don't know,Very difficult,Yes,Yes,Some of them,No,Yes
29,Male,United States,No,Sometimes,26-100,No,Yes,No,No,Don't know,Don't know,Yes,No,Some of them,Don't know,No
35,Female,United States,Yes,Sometimes,Unknown,Yes,Yes,No,No,Yes,Don't know,Maybe,Maybe,Some of them,Yes,No
39,Male,United States,Yes,Often,More than 1000,No,Yes,No,Don't know,Don't know,Don't know,Yes,No,Some of them,No,Yes
37,Female,Canada,Yes,Rarely,Unknown,Yes,Yes,No,No,Yes,Somewhat easy,Yes,Maybe,Some of them,Don't know,Yes
28,Male,United States,No,Sometimes,More than 1000,No,Yes,No,No,Yes,Very difficult,Yes,No,No,No,No
22,Male,United States,No,Sometimes,500-1000,No,Yes,No,Don't know,Yes,Don't know,Yes,No,No,No,No
38,Male,United States,No,Sometimes,26-100,Yes,Yes,No,Don't know,Don't know,Don't know,Maybe,Maybe,Some of them,No,No
31,Male,United States,Yes,Rarely,100-500,Yes,Yes,Yes,Don't know,Yes,Very easy,No,No,Some of them,Yes,No
35,Male,United States,Yes,Sometimes,Unknown,No,No,No,No,Yes,Don't know,No,No,Some of them,Yes,No
40,Male,United States,Yes,Sometimes,More than 1000,No,Yes,Yes,Don't know,Don't know,Somewhat difficult,Maybe,No,Some of them,Don't know,Yes
36,Male,United States,No,Never,100-500,No,No,No,Don't know,Don't know,Don't know,Yes,Maybe,No,Don't know,Yes
28,Male,United Kingdom,No,Never,Unknown,No,Yes,No,No,Yes,Very easy,No,No,Some of them,Yes,No
34,Male,Ireland,No,Often,Unknown,No,Yes,No,No,Don't know,Somewhat difficult,Yes,Maybe,Some of them,No,No
32,Male,United States,No,Never,100-500,No,Yes,Don't know,Yes,Don't know,Somewhat easy,No,No,No,Don't know,No
41,Female,United States,Yes,Rarely,500-1000,Yes,Yes,Yes,Yes,Yes,Very easy,Maybe,Maybe,Some of them,Yes,No
30,Male,United States,Yes,Rarely,26-100,No,Yes,No,Don't know,Don't know,Don't know,Maybe,No,Some of them,Don't know,No
33,Female,United Kingdom,No,Sometimes,Unknown,Yes,Yes,Yes,Yes,Yes,Very easy,No,No,Some of them,Don't know,No
31,Male,United States,No,Never,500-1000,No,Yes,Yes,Yes,Yes,Somewhat easy,No,No,Some of them,Yes,No
32,Male,United States,No,Sometimes,Unknown,No,Yes,No,Don't know,Don't know,Don't know,Maybe,No,Some of them,No,No
31,Male,Germany,Yes,Sometimes,100-500,No,Yes,No,No,Yes,Somewhat easy,No,No,Some of them,Don't know,No
25,Male,Canada,No,Often,Unknown,Yes,No,No,Don't know,Don't know,Somewhat difficult,Yes,Maybe,No,Don't know,No
24,Male,United States,No,Sometimes,26-100,Yes,Yes,No,Don't know,Don't know,Somewhat easy,No,No,Some of them,No,No
28,Male,United States,Yes,Sometimes,More than 1000,No,Yes,Don't know,Don't know,Don't know,Somewhat easy,Maybe,No,Some of them,No,No
29,Male,United States,No,Sometimes,Unknown,No,Yes,No,No,Don't know,Very difficult,Yes,No,No,No,No
25,Male,Ireland,Yes,Sometimes,26-100,No,Yes,No,No,Don't know,Don't know,Maybe,No,Some of them,No,No
35,Male,United Kingdom,Yes,Sometimes,Unknown,No,Yes,No,No,Yes,Very easy,Yes,Yes,Some of them,Yes,Yes
27,Male,United States,Yes,Never,500-1000,No,Yes,Yes,Yes,Yes,Don't know,Yes,No,Some of them,Don't know,No
35,Female,United States,Yes,Sometimes,Unknown,No,No,Yes,Yes,Yes,Somewhat difficult,Maybe,Maybe,Some of them,Yes,No
35,Male,United States,No,Rarely,Unknown,No,Yes,No,No,Yes,Don't know,No,No,Some of them,Don't know,No
29,Male,Poland,No,Rarely,Unknown,No,Yes,No,No,No,Somewhat difficult,No,Maybe,Some of them,Yes,No
22,Female,United States,Yes,Sometimes,500-1000,No,Yes,No,Don't know,Don't know,Don't know,No,No,Some of them,No,Yes
26,Female,United States,Yes,Rarely,More than 1000,No,Yes,Don't know,Don't know,Don't know,Don't know,Maybe,No,Some of them,Don't know,No
46,Male,United States,No,Rarely,500-1000,Yes,Yes,Yes,Yes,Yes,Don't know,No,No,Some of them,Yes,No
41,Male,United States,Yes,Often,More than 1000,No,Yes,No,No,Don't know,Don't know,Maybe,Maybe,Some of them,Don't know,Yes
30,Male,United States,Yes,Sometimes,26-100,No,Yes,Don't know,No,Yes,Very easy,No,No,Yes,Yes,No
37,Male,United Kingdom,Yes,Sometimes,26-100,No,No,No,No,Don't know,Don't know,Yes,Maybe,Some of them,Don't know,No
23,Male,Canada,Yes,Sometimes,Unknown,No,Yes,No,No,Yes,Very easy,No,No,Yes,Yes,No
34,Male,United States,Yes,Often,100-500,No,Yes,No,No,Yes,Very easy,No,No,Yes,Don't know,No
25,Male,United States,No,Rarely,Unknown,Yes,Yes,No,Don't know,Don't know,Somewhat easy,Maybe,No,No,Don't know,No
38,Male,United States,Yes,Never,More than 1000,No,No,Yes,Yes,Don't know,Don't know,Yes,Maybe,Some of them,No,No
29,Female,United States,Yes,Sometimes,26-100,Yes,No,No,Don't know,Don't know,Don't know,Maybe,No,Some of them,Don't know,No
23,Male,United States,No,Sometimes,Unknown,No,No,No,No,No,Somewhat easy,Yes,Yes,No,No,No
26,Female,India,No,Sometimes,Unknown,No,No,No,No,Don't know,Somewhat easy,Maybe,Maybe,Some of them,Don't know,No
23,Female,United States,Yes,Often,More than 1000,No,Yes,Don't know,No,Don't know,Don't know,Maybe,No,Some of them,Yes,Yes
22,Female,United States,Yes,Often,More than 1000,No,Yes,Yes,Yes,Yes,Somewhat easy,Maybe,No,No,Yes,Yes
26,Male,United States,Yes,Never,More than 1000,No,Yes,No,Don't know,Don't know,Don't know,Maybe,No,No,No,No
45,Male,United Kingdom,Yes,Rarely,100-500,No,No,No,No,Don't know,Don't know,Maybe,No,Some of them,Don't know,No
35,Male,Canada,No,Sometimes,Unknown,No,Yes,No,No,Don't know,Somewhat easy,No,No,Some of them,Don't know,No
30,Male,United States,No,Never,Unknown,Yes,Yes,No,No,Don't know,Don't know,Maybe,No,Some of them,Don't know,No
33,Male,United States,Yes,Sometimes,Unknown,Yes,Yes,No,No,Yes,Very easy,Maybe,Maybe,Yes,Yes,No
25,Female,United States,No,Sometimes,Unknown,No,Yes,No,No,Don't know,Somewhat difficult,Yes,No,Some of them,Don't know,No
35,Male,United States,No,Never,26-100,Yes,No,Don't know,Don't know,Don't know,Don't know,Yes,No,Some of them,Don't know,No
31,Male,United States,Yes,Sometimes,More than 1000,No,Yes,Don't know,Don't know,Don't know,Somewhat easy,Maybe,No,No,No,No
42,Female,United States,Yes,Sometimes,26-100,No,No,No,No,Don't know,Don't know,Yes,No,Some of them,No,No
39,Male,United States,No,Often,More than 1000,No,Yes,No,No,Don't know,Somewhat easy,No,No,Yes,Don't know,No
39,Male,United States,Yes,Sometimes,500-1000,No,Yes,No,Don't know,Yes,Very easy,No,No,Some of them,Yes,No
29,Male,United Kingdom,No,Rarely,100-500,No,Yes,No,No,Don't know,Somewhat easy,No,No,Some of them,Don't know,Yes
32,Male,United States,No,Sometimes,More than 1000,No,Yes,Yes,Yes,Yes,Somewhat difficult,Maybe,Maybe,Some of them,Don't know,Yes
34,Male,Australia,No,Sometimes,More than 1000,No,Yes,Yes,Yes,Yes,Very easy,No,No,Some of them,Yes,No
31,Male,United States,No,Never,100-500,Yes,Yes,Don't know,Don't know,Don't know,Don't know,No,No,Some of them,Don't know,No
34,Male,United States,No,Sometimes,Unknown,No,Yes,No,No,Don't know,Don't know,Yes,Yes,Some of them,Don't know,No
25,Male,United States,No,Rarely,Unknown,No,Yes,Don't know,No,Don't know,Don't know,Maybe,No,No,Don't know,No
28,Male,United States,No,Rarely,Unknown,No,Yes,No,No,Don't know,Don't know,No,No,Some of them,Don't know,No
24,Male,Austria,No,Sometimes,Unknown,No,Yes,Don't know,Don't know,Yes,Somewhat easy,No,No,Some of them,Yes,No
36,Male,United States,No,Rarely,More than 1000,No,Yes,Yes,Yes,Yes,Somewhat difficult,No,No,Some of them,No,No
27,Male,United Kingdom,No,Never,26-100,No,Yes,No,Don't know,Don't know,Somewhat easy,No,No,Some of them,Don't know,No
34,Male,United States,No,Sometimes,26-100,No,Yes,No,No,Don't know,Don't know,Maybe,No,Yes,Don't know,No
34,Male,Canada,Yes,Sometimes,More than 1000,No,Yes,Yes,Yes,Yes,Don't know,Maybe,No,No,Don't know,No
19,Male,Canada,Yes,Sometimes,Unknown,No,Yes,No,No,Don't know,Don't know,Maybe,Maybe,Some of them,Don't know,No
27,Male,United States,No,Sometimes,More than 1000,No,Yes,Yes,Yes,Yes,Don't know,No,No,No,Yes,No
32,Male,United States,No,Never,More than 1000,No,Yes,Don't know,Don't know,Don't know,Don't know,Maybe,Maybe,Some of them,Don't know,No
25,Male,South Africa,Yes,Often,Unknown,No,No,No,No,Yes,Don't know,No,No,Some of them,No,Yes
39,Male,United States,No,Rarely,More than 1000,Yes,No,Yes,Yes,Don't know,Don't know,No,No,Some of them,Don't know,No
37,Male,Ireland,No,Sometimes,Unknown,No,Yes,No,No,Don't know,Very difficult,Yes,No,No,Don't know,No
31,Female,United States,No,Often,26-100,Yes,Yes,No,No,Don't know,Very easy,Maybe,No,Some of them,Don't know,No
35,Male,United States,No,Sometimes,More than 1000,No,Yes,Yes,Don't know,Don't know,Don't know,Maybe,No,Some of them,Don't know,No
28,Male,Ireland,No,Sometimes,26-100,No,Yes,No,No,Yes,Don't know,Yes,Maybe,No,No,Yes
34,Female,United States,Yes,Rarely,More than 1000,No,No,Yes,Yes,Yes,Very difficult,Maybe,Maybe,Some of them,Yes,No
27,Male,Canada,No,Rarely,Unknown,No,No,Yes,Yes,Yes,Very easy,Maybe,No,Some of them,Don't know,No
25,Male,Bosnia and Herzegovina,Yes,Rarely,26-100,Yes,Yes,Don't know,Don't know,Don't know,Don't know,Maybe,Yes,No,Don't know,Yes
33,Male,United Kingdom,No,Never,100-500,No,No,No,No,Don't know,Very easy,No,No,Yes,No,No
35,Female,Ireland,No,Rarely,Unknown,No,Yes,No,No,No,Don't know,Maybe,No,Some of them,No,No
24,Male,United States,Yes,Sometimes,26-100,Yes,Yes,No,No,Don't know,Don't know,No,Maybe,Some of them,No,No
34,Male,Netherlands,No,Rarely,Unknown,No,Yes,Don't know,Don't know,Don't know,Somewhat easy,No,No,Some of them,Yes,No
28,Male,United States,Yes,Sometimes,26-100,No,No,No,No,Don't know,Don't know,Maybe,Maybe,Some of them,Yes,No
30,Female,United States,Yes,Sometimes,26-100,No,Yes,Yes,Don't know,Don't know,Very easy,No,No,Yes,Yes,No
37,Male,United Kingdom,Yes,Rarely,More than 1000,No,No,Yes,Yes,Yes,Somewhat difficult,Yes,Maybe,Some of them,No,Yes
26,Female,Poland,No,Sometimes,26-100,Yes,Yes,Yes,Yes,Yes,Very easy,No,No,Yes,Yes,No
36,Female,United States,No,Never,Unknown,Yes,Yes,No,No,Don't know,Don't know,Maybe,Maybe,Some of them,No,No
46,Male,United States,No,Rarely,More than 1000,No,No,Yes,Yes,Yes,Somewhat easy,Yes,Maybe,No,Yes,No
33,Male,United States,No,Sometimes,Unknown,No,Yes,No,No,Don't know,Somewhat easy,Maybe,No,Some of them,No,No
31,Male,United States,Yes,Rarely,Unknown,No,Yes,Don't know,Don't know,Yes,Don't know,No,No,Yes,Yes,No
25,Female,United States,Yes,Sometimes,500-1000,No,Yes,No,No,Don't know,Don't know,Yes,Yes,Some of them,Don't know,No
45,Male,United States,No,Often,Unknown,Yes,Yes,No,Yes,Don't know,Very easy,No,No,Yes,Yes,No
32,Male,Germany,No,Never,Unknown,Yes,Yes,No,No,Don't know,Don't know,No,No,Some of them,Don't know,No
44,Male,United Kingdom,No,Sometimes,More than 1000,No,No,No,Yes,Don't know,Don't know,Maybe,No,Some of them,No,No
31,Female,Belgium,Yes,Rarely,100-500,No,No,No,No,No,Don't know,Maybe,No,Some of them,Don't know,Yes
23,Female,Australia,Yes,Often,Unknown,Yes,Yes,No,No,Don't know,Very easy,No,No,Some of them,Yes,No
27,Female,United States,Yes,Sometimes,26-100,No,Yes,No,No,Don't know,Very easy,No,No,Some of them,Yes,No
26,Male,United States,Yes,Sometimes,Unknown,Yes,Yes,No,Don't know,Don't know,Somewhat easy,Maybe,No,Some of them,Don't know,No
49,Male,United States,Yes,Never,More than 1000,No,Yes,Yes,Yes,Yes,Don't know,No,No,Yes,Yes,No
34,Male,Australia,No,Sometimes,Unknown,Yes,Yes,Yes,Yes,Don't know,Somewhat difficult,Yes,Yes,No,Yes,No
24,Male,Germany,Yes,Sometimes,Unknown,No,Yes,No,No,Don't know,Somewhat easy,Maybe,No,Yes,Don't know,No
23,Male,Israel,No,Never,More than 1000,No,No,Yes,Yes,Yes,Somewhat difficult,No,No,Yes,Yes,No
23,Female,United States,Yes,Never,100-500,No,No,Don't know,Don't know,Yes,Don't know,No,No,Some of them,Yes,No
37,Female,United States,Yes,Sometimes,More than 1000,No,No,Yes,Yes,Yes,Somewhat easy,No,No,Some of them,Yes,No
30,Female,United States,Yes,Often,Unknown,Yes,No,No,Yes,Yes,Somewhat difficult,No,No,Yes,Yes,No
45,Male,United States,No,Never,Unknown,Yes,Yes,No,No,Don't know,Don't know,Yes,Maybe,Some of them,Don't know,No
39,Male,United States,Yes,Often,26-100,Yes,Yes,Yes,Yes,Don't know,Somewhat easy,Yes,No,Some of them,No,No
33,Female,United States,Yes,Sometimes,26-100,Yes,Yes,No,No,Don't know,Very difficult,Yes,Maybe,Some of them,No,No
20,Female,Switzerland,No,Rarely,More than 1000,No,Yes,Yes,Yes,Yes,Somewhat easy,No,No,Some of them,Yes,No
29,Male,United States,No,Sometimes,More than 1000,No,Yes,No,Don't know,Don't know,Don't know,Yes,No,Some of them,No,No
27,Female,United States,Yes,Sometimes,Unknown,Yes,Yes,Don't know,Don't know,Don't know,Very difficult,No,No,Some of them,Don't know,No
32,Male,United States,No,Rarely,More than 1000,No,Yes,Yes,Yes,Yes,Somewhat easy,Maybe,No,Some of them,Don't know,No
31,Male,United States,No,Sometimes,100-500,No,Yes,No,No,Don't know,Somewhat easy,Maybe,No,Some of them,No,No
34,Male,United States,No,Sometimes,100-500,Yes,Yes,No,No,Don't know,Somewhat easy,Yes,Yes,Some of them,Don't know,No
40,Male,United States,No,Sometimes,Unknown,Yes,Yes,No,No,Don't know,Somewhat easy,Yes,Maybe,Some of them,Don't know,No
35,Male,United States,Yes,Rarely,26-100,No,No,No,Yes,Yes,Somewhat difficult,Maybe,No,Some of them,No,No
27,Female,United States,No,Rarely,More than 1000,No,Yes,No,No,Yes,Don't know,Yes,Maybe,No,No,No
23,Male,United Kingdom,No,Rarely,Unknown,No,Yes,No,No,Don't know,Don't know,No,No,Yes,Don't know,No
24,Female,United Kingdom,No,Sometimes,100-500,No,Yes,No,No,Don't know,Don't know,Maybe,No,No,Don't know,No
26,Female,United States,Yes,Sometimes,26-100,Yes,Yes,No,No,Don't know,Don't know,Maybe,No,No,Don't know,No
27,Male,United States,No,Rarely,More than 1000,No,Yes,Yes,Yes,Yes,Don't know,No,No,Some of them,Yes,No
31,Female,United States,Yes,Sometimes,500-1000,No,Yes,No,Don't know,Yes,Somewhat easy,Maybe,No,Some of them,Yes,No
33,Male,Australia,No,Never,More than 1000,No,Yes,Don't know,Don't know,Yes,Very easy,No,No,Some of them,Yes,No
36,Male,United States,No,Rarely,26-100,No,Yes,No,Don't know,Don't know,Don't know,No,No,Some of them,Don't know,No
34,Male,Netherlands,No,Rarely,26-100,No,Yes,No,No,Yes,Very easy,No,No,Yes,Yes,No
34,Male,United States,No,Sometimes,Unknown,No,Yes,No,No,Don't know,Don't know,Yes,No,No,Don't know,No
32,Male,United States,No,Sometimes,100-500,No,Yes,No,No,Don't know,Don't know,Maybe,Maybe,Some of them,No,No
38,Male,United States,No,Never,26-100,No,Yes,No,No,Don't know,Somewhat easy,Maybe,No,Some of them,No,Yes
30,Male,United States,No,Never,26-100,Yes,Yes,Don't know,Don't know,Yes,Very easy,No,No,Some of them,Yes,No
29,Male,United States,No,Never,More than 1000,No,No,No,Don't know,Don't know,Don't know,Maybe,No,Some of them,Don't know,No
30,Female,United States,No,Never,More than 1000,No,Yes,Yes,Yes,Yes,Somewhat easy,Maybe,Maybe,No,Don't know,No
30,Male,Netherlands,No,Sometimes,500-1000,No,Yes,No,No,Don't know,Don't know,Maybe,No,Yes,Don't know,No
28,Male,United States,Yes,Sometimes,More than 1000,No,Yes,No,Don't know,Don't know,Somewhat difficult,Maybe,Maybe,No,No,No
40,Male,United States,No,Rarely,More than 1000,No,Yes,Yes,Yes,Yes,Don't know,No,No,Some of them,Don't know,No
26,Female,United States,Yes,Often,100-500,No,No,No,No,Don't know,Somewhat difficult,Maybe,No,No,No,No
33,Male,United States,Yes,Rarely,26-100,No,Yes,Don't know,Yes,Yes,Don't know,No,No,Yes,Don't know,No
32,Male,United States,No,Rarely,100-500,No,Yes,No,Yes,Yes,Don't know,Yes,No,No,Don't know,No
30,Male,United States,No,Often,26-100,No,Yes,No,No,Yes,Somewhat easy,Maybe,No,Yes,Don't know,No
21,Male,Canada,No,Never,26-100,No,Yes,Don't know,No,Don't know,Don't know,Yes,Maybe,No,Don't know,No
34,Male,United States,Yes,Sometimes,26-100,Yes,Yes,No,No,Don't know,Don't know,Maybe,No,Some of them,Don't know,Yes
42,Female,United States,Yes,Sometimes,100-500,No,Yes,No,No,No,Very difficult,Maybe,No,Yes,No,No
35,Male,United Kingdom,No,Sometimes,Unknown,No,Yes,No,No,Don't know,Very difficult,Maybe,Maybe,Some of them,No,Yes
26,Male,United Kingdom,No,Sometimes,Unknown,No,Yes,No,No,Don't know,Don't know,Maybe,No,Some of them,Yes,No
32,Female,Germany,No,Sometimes,100-500,No,Yes,No,No,Don't know,Very difficult,Yes,Yes,Some of them,No,Yes
30,Male,United Kingdom,No,Sometimes,Unknown,No,Yes,No,No,No,Very difficult,Yes,Yes,No,Yes,Yes
26,Female,Israel,Yes,Never,100-500,No,Yes,Don't know,Don't know,Don't know,Don't know,Maybe,No,Some of them,Yes,No
42,Male,Ireland,No,Never,26-100,No,Yes,No,No,No,Somewhat difficult,Yes,Yes,Some of them,No,No
42,Female,United States,Yes,Sometimes,26-100,No,No,No,No,Don't know,Somewhat difficult,Yes,Yes,Yes,No,Yes
38,Male,United States,No,Never,More than 1000,Yes,Yes,No,No,No,Very difficult,Yes,Yes,No,Don't know,No
34,Male,Germany,No,Rarely,26-100,No,Yes,No,No,Yes,Somewhat easy,Maybe,Maybe,No,Yes,No
25,Male,Canada,Yes,Sometimes,More than 1000,No,Yes,No,Don't know,Don't know,Don't know,Yes,Maybe,Some of them,No,No
24,Male,United States,Yes,Rarely,Unknown,Yes,Yes,No,No,Don't know,Very easy,No,No,Yes,Yes,No
26,Male,Netherlands,No,Never,26-100,No,Yes,No,No,Don't know,Don't know,Maybe,Maybe,No,Don't know,No
27,Female,United States,No,Often,Unknown,Yes,Yes,Yes,Yes,Yes,Very easy,Maybe,Maybe,Some of them,Yes,No
29,Male,Singapore,Yes,Sometimes,26-100,No,Yes,No,No,Don't know,Somewhat difficult,Maybe,No,No,No,No
37,Male,Netherlands,No,Never,Unknown,Yes,Yes,Don't know,Don't know,Don't know,Very easy,Yes,Yes,Some of them,Don't know,No
22,Male,Netherlands,No,Never,Unknown,No,Yes,No,No,Don't know,Don't know,No,Maybe,Some of them,No,Yes
26,Male,United States,Yes,Sometimes,More than 1000,No,Yes,No,Don't know,Don't know,Don't know,Yes,No,No,No,No
32,Female,United Kingdom,Yes,Sometimes,100-500,No,Yes,No,No,Don't know,Somewhat difficult,Maybe,No,Some of them,Don't know,Yes
35,Male,United States,Yes,Sometimes,26-100,No,Yes,No,No,Yes,Somewhat difficult,Yes,No,No,Don't know,No
32,Male,United Kingdom,No,Rarely,100-500,No,Yes,No,No,Don't know,Don't know,Maybe,No,Yes,No,Yes
36,Male,United States,Yes,Sometimes,Unknown,Yes,Yes,Don't know,No,Yes,Somewhat difficult,Maybe,No,Some of them,Yes,No
27,Male,United States,Yes,Sometimes,100-500,Yes,Yes,No,Don't know,Don't know,Don't know,No,No,Some of them,Yes,No
26,Male,United States,Yes,Sometimes,More than 1000,No,Yes,Yes,Don't know,Don't know,Somewhat difficult,Yes,Maybe,No,No,No
24,Male,United Kingdom,No,Rarely,100-500,No,Yes,Yes,Don't know,Don't know,Very easy,Maybe,Maybe,Some of them,Don't know,No
27,Male,United States,No,Never,26-100,No,Yes,Don't know,Don't know,Don't know,Don't know,No,No,Yes,Don't know,No
30,Male,Germany,No,Often,Unknown,Yes,Yes,No,No,Yes,Very difficult,No,No,Some of them,Yes,No
19,Male,United States,No,Sometimes,Unknown,No,Yes,No,No,Don't know,Don't know,No,No,Some of them,Don't know,No
27,Female,United States,No,Rarely,Unknown,No,Yes,No,No,Yes,Don't know,Maybe,Maybe,Yes,Don't know,No
41,Male,Canada,No,Never,500-1000,No,Yes,No,Don't know,Don't know,Somewhat easy,No,No,Some of them,Don't know,No
32,Male,New Zealand,No,Sometimes,Unknown,No,Yes,No,No,Don't know,Very easy,No,No,Some of them,Don't know,No
40,Female,United States,No,Never,26-100,No,No,No,No,Don't know,Somewhat easy,Maybe,Maybe,Yes,Don't know,No
24,Female,United States,Yes,Sometimes,100-500,No,Yes,No,No,Don't know,Somewhat difficult,Yes,Maybe,No,No,Yes
28,Female,United Kingdom,No,Never,26-100,No,Yes,No,Don't know,Yes,Somewhat easy,No,No,Yes,Don't know,No
25,Male,United States,Yes,Rarely,26-100,No,No,No,No,Don't know,Don't know,Yes,Maybe,No,No,No
46,Male,United States,Yes,Sometimes,Unknown,No,Yes,No,Don't know,Don't know,Don't know,Yes,Maybe,No,Don't know,No
29,Male,United States,No,Sometimes,More than 1000,No,Yes,Yes,No,Don't know,Don't know,Yes,Maybe,No,Don't know,No
26,Female,United States,No,Sometimes,100-500,No,Yes,No,No,Don't know,Somewhat difficult,Yes,Maybe,Some of them,No,Yes
32,Male,United States,Yes,Sometimes,Unknown,Yes,Yes,No,No,Don't know,Don't know,Maybe,No,Yes,Don't know,No
23,Female,United Kingdom,Yes,Sometimes,Unknown,No,Yes,No,Yes,Yes,Very easy,No,No,Yes,Yes,No
25,Male,United States,Yes,Sometimes,Unknown,Yes,Yes,Don't know,Don't know,Don't know,Very easy,No,No,Yes,Don't know,No
26,Female,United States,Yes,Sometimes,26-100,No,Yes,No,No,Yes,Somewhat difficult,No,No,Yes,No,Yes
42,Male,United States,Yes,Sometimes,Unknown,Yes,Yes,No,Don't know,Don't know,Don't know,Maybe,No,Some of them,Don't know,No
35,Female,United States,No,Sometimes,100-500,No,No,No,No,Yes,Very difficult,Yes,Maybe,No,No,Yes
25,Male,United States,No,Never,More than 1000,No,No,No,No,Don't know,Don't know,No,No,Some of them,Don't know,No
35,Female,United States,No,Never,500-1000,Yes,Yes,No,No,Don't know,Don't know,Maybe,Maybe,Some of them,Don't know,No
32,Male,United States,Yes,Often,26-100,Yes,Yes,No,No,Yes,Somewhat difficult,No,No,Some of them,Yes,No
21,Male,United Kingdom,Yes,Never,Unknown,No,No,No,No,Yes,Somewhat easy,Maybe,No,Some of them,Don't know,No
23,Male,United States,No,Never,26-100,No,No,Don't know,Don't know,Don't know,Don't know,No,No,Yes,Yes,No
32,Female,Canada,No,Often,More than 1000,No,No,Don't know,Don't know,Don't know,Don't know,Maybe,No,Some of them,Don't know,No
41,Female,Netherlands,No,Rarely,Unknown,Yes,Yes,Don't know,Yes,No,Somewhat easy,No,No,Yes,Yes,No
29,Female,United States,No,Never,26-100,No,Yes,Yes,No,Yes,Don't know,Maybe,No,Some of them,Don't know,Yes
23,Female,Ireland,No,Rarely,26-100,No,Yes,Yes,No,Don't know,Don't know,No,No,Yes,Don't know,No
38,Female,United States,Yes,Sometimes,More than 1000,No,No,Yes,Yes,Yes,Very easy,Maybe,No,Yes,No,Yes
42,Male,New Zealand,No,Never,500-1000,No,Yes,No,No,Don't know,Don't know,No,No,Some of them,Don't know,No
28,Male,United States,No,Sometimes,26-100,No,Yes,Yes,Yes,Yes,Somewhat easy,No,No,Some of them,Yes,No
29,Male,United States,No,Often,26-100,No,Yes,No,No,Yes,Very easy,No,No,Yes,Yes,No
29,Male,United States,Yes,Sometimes,More than 1000,Yes,No,No,Yes,Yes,Very easy,Maybe,No,Some of them,Yes,No
42,Male,United States,Yes,Sometimes,Unknown,Yes,No,Don't know,Yes,Don't know,Don't know,Maybe,Maybe,Some of them,Don't know,No
35,Female,United States,Yes,Never,More than 1000,No,Yes,Don't know,No,Yes,Somewhat easy,Maybe,No,No,Don't know,No
28,Male,New Zealand,Yes,Sometimes,Unknown,Yes,Yes,Yes,No,Don't know,Very easy,No,No,Yes,Yes,No
34,Female,Australia,Yes,Never,500-1000,No,No,Yes,Yes,Don't know,Don't know,Yes,Maybe,No,Don't know,Yes
27,Male,Australia,No,Never,Unknown,Yes,Yes,No,No,Don't know,Don't know,Yes,No,No,Don't know,No
40,Male,United States,Yes,Sometimes,More than 1000,Yes,Yes,Yes,Yes,Yes,Very difficult,Yes,No,Some of them,Don't know,Yes
28,Female,United States,No,Often,Unknown,No,Yes,No,No,Don't know,Very difficult,Yes,Maybe,Some of them,Don't know,No
24,Female,United Kingdom,Yes,Often,Unknown,Yes,Yes,No,No,Don't know,Very easy,No,No,Yes,Don't know,No
27,Female,Hungary,Yes,Sometimes,Unknown,Yes,Yes,No,No,No,Very difficult,Yes,Maybe,No,No,No
43,Male,United States,No,Sometimes,More than 1000,Yes,Yes,No,Yes,Don't know,Don't know,Maybe,No,No,Don't know,No
29,Female,United Kingdom,No,Rarely,Unknown,No,Yes,No,No,Don't know,Don't know,Maybe,No,Some of them,Don't know,No
29,Male,United Kingdom,No,Never,Unknown,No,Yes,No,No,Don't know,Don't know,Maybe,No,Some of them,Don't know,No
26,Female,Canada,Yes,Sometimes,100-500,No,Yes,No,No,Yes,Don't know,Maybe,No,Some of them,Don't know,No
22,Male,Brazil,No,Never,Unknown,Yes,Yes,No,No,Don't know,Somewhat easy,No,No,Yes,Don't know,No
36,Female,United States,Yes,Rarely,More than 1000,Yes,Yes,No,No,Yes,Somewhat easy,Maybe,Maybe,Some of them,Don't know,No
46,Male,United States,Yes,Sometimes,100-500,Yes,Yes,Don't know,Don't know,Don't know,Don't know,No,No,Some of them,Don't know,No
26,Male,United Kingdom,No,Often,Unknown,Yes,Yes,No,No,Don't know,Don't know,Yes,No,No,Don't know,No
38,Male,United States,Yes,Sometimes,100-500,Yes,Yes,No,Yes,Don't know,Don't know,No,No,Yes,Yes,No
26,Male,United States,Yes,Sometimes,More than 1000,No,Yes,No,Yes,Yes,Very difficult,Maybe,No,Some of them,No,Yes
33,Female,Sweden,Yes,Rarely,More than 1000,No,Yes,No,Yes,Yes,Don't know,Maybe,No,Some of them,Don't know,No
37,Male,Italy,No,Sometimes,26-100,No,Yes,Don't know,Don't know,Don't know,Don't know,Yes,Yes,Some of them,No,No
26,Male,Russia,No,Never,26-100,No,Yes,No,Don't know,Don't know,Somewhat difficult,No,No,Some of them,Don't know,No
45,Male,United States,Yes,Sometimes,More than 1000,No,Yes,Don't know,Don't know,Yes,Don't know,Maybe,No,Some of them,Don't know,No
26,Male,France,No,Never,Unknown,No,Yes,No,No,Don't know,Don't know,Maybe,No,Yes,No,No
24,Male,United Kingdom,Yes,Often,26-100,No,No,No,No,No,Somewhat easy,Yes,Maybe,Some of them,No,Yes
40,Female,United States,Yes,Sometimes,100-500,No,No,Yes,Don't know,Don't know,Don't know,Yes,Maybe,Some of them,Don't know,No
37,Male,United States,Yes,Sometimes,26-100,Yes,Yes,No,No,Don't know,Somewhat easy,Maybe,No,Some of them,No,No
29,Male,Mexico,No,Never,Unknown,Yes,Yes,No,No,No,Don't know,Maybe,Maybe,No,No,No
34,Male,Netherlands,Yes,Rarely,Unknown,Yes,Yes,Yes,Yes,Yes,Very easy,No,No,Yes,Yes,No
28,Male,Canada,No,Never,100-500,Yes,Yes,No,No,Don't know,Somewhat easy,Maybe,No,Some of them,Yes,No
37,Male,Canada,Yes,Often,26-100,No,Yes,No,Don't know,Don't know,Don't know,Maybe,No,Some of them,Don't know,No
45,Female,United States,No,Rarely,26-100,No,No,Don't know,Don't know,Don't know,Don't know,No,No,Some of them,Don't know,No
38,Male,Netherlands,Yes,Often,26-100,Yes,Yes,No,Don't know,Don't know,Don't know,Maybe,Maybe,Some of them,Don't know,No
21,Male,United Kingdom,No,Often,Unknown,Yes,No,No,No,Yes,Very difficult,Yes,No,Some of them,No,No
25,Male,United States,Yes,Often,Unknown,Yes,Yes,No,Don't know,Yes,Somewhat easy,No,No,Yes,Don't know,No
28,Male,Germany,Yes,Rarely,Unknown,Yes,Yes,No,No,Yes,Very easy,No,No,Yes,Yes,No
38,Male,United Kingdom,No,Sometimes,26-100,Yes,Yes,No,No,Yes,Somewhat easy,Maybe,Maybe,Some of them,Yes,No
26,Male,Moldova,No,Often,26-100,No,Yes,No,No,Yes,Very difficult,No,No,Yes,Don't know,No
33,Male,United States,Yes,Sometimes,100-500,No,No,No,No,Yes,Somewhat difficult,Yes,Yes,No,No,No
33,Female,United States,Yes,Sometimes,Unknown,No,Yes,Yes,Yes,Yes,Very difficult,No,No,Some of them,Yes,No
30,Male,United Kingdom,No,Often,26-100,No,Yes,No,No,Yes,Somewhat easy,No,No,Some of them,Yes,No
26,Male,United States,No,Rarely,More than 1000,No,Yes,Don't know,Don't know,Don't know,Don't know,No,No,Some of them,No,No
33,Male,Canada,Yes,Often,Unknown,Yes,Yes,No,No,No,Somewhat difficult,Yes,No,No,Don't know,No
33,Male,Italy,Yes,Sometimes,Unknown,No,Yes,No,No,Don't know,Somewhat easy,No,No,Some of them,Don't know,No
27,Male,United States,Yes,Sometimes,Unknown,Yes,Yes,Yes,Don't know,Don't know,Somewhat easy,Yes,No,Some of them,Yes,No
29,Male,United States,No,Rarely,More than 1000,No,Yes,No,No,Don't know,Very easy,Yes,Maybe,Some of them,Don't know,No
29,Male,United States,Yes,Sometimes,26-100,No,No,Yes,Yes,Don't know,Don't know,Maybe,No,Some of them,Don't know,No
33,Male,United States,Yes,Sometimes,26-100,No,Yes,No,No,Don't know,Don't know,Maybe,No,Some of them,Don't know,No
22,Female,United States,Yes,Sometimes,More than 1000,No,Yes,Don't know,Don't know,Don't know,Very difficult,Yes,Maybe,Some of them,No,Yes
27,Female,United States,No,Sometimes,26-100,No,Yes,No,No,Don't know,Somewhat difficult,Maybe,Maybe,Some of them,Don't know,No
28,Male,United States,Yes,Rarely,More than 1000,No,Yes,Don't know,Don't know,Don't know,Don't know,Maybe,No,Some of them,No,No
49,Male,United States,Yes,Sometimes,100-500,No,Yes,Yes,Yes,Yes,Somewhat easy,Maybe,Maybe,Some of them,Yes,No
26,Male,United Kingdom,No,Never,Unknown,No,Yes,No,Don't know,Don't know,Very easy,No,No,Some of them,Don't know,Yes
32,Male,United Kingdom,Yes,Sometimes,100-500,Yes,Yes,No,No,Don't know,Somewhat difficult,Yes,Maybe,No,No,Yes
25,Female,United States,Yes,Sometimes,26-100,Yes,Yes,No,No,Don't know,Don't know,Maybe,No,Some of them,Yes,No
34,Male,United Kingdom,Yes,Often,26-100,Yes,No,No,No,Don't know,Somewhat easy,Maybe,No,Some of them,Yes,No
32,Male,United States,No,Never,Unknown,Yes,Yes,No,No,Don't know,Very easy,No,No,Yes,Don't know,No
24,Male,United States,No,Sometimes,Unknown,No,Yes,Don't know,Don't know,Don't know,Don't know,No,No,Yes,Don't know,No
41,Female,United States,Yes,Sometimes,26-100,No,Yes,No,Don't know,Don't know,Don't know,Yes,Maybe,No,Don't know,No
35,Male,Canada,Yes,Sometimes,Unknown,Yes,Yes,No,No,Don't know,Don't know,Maybe,No,No,Don't know,No
23,Male,United States,Yes,Sometimes,26-100,No,Yes,Yes,Yes,Yes,Somewhat easy,No,No,No,Don't know,No
29,Female,United States,No,Often,More than 1000,Yes,No,No,No,Don't know,Somewhat easy,No,No,Some of them,Don't know,No
31,Male,Poland,No,Often,Unknown,Yes,Yes,No,No,Don't know,Somewhat easy,Maybe,No,Some of them,Don't know,No
30,Male,Singapore,No,Sometimes,26-100,No,Yes,No,No,Don't know,Somewhat easy,Maybe,No,Some of them,No,Yes
34,Male,United States,Yes,Never,Unknown,Yes,Yes,No,No,Don't know,Don't know,Maybe,No,No,Don't know,No
42,Male,United States,No,Never,Unknown,Yes,Yes,No,Yes,Don't know,Somewhat easy,No,No,Some of them,Yes,No
31,Male,United States,Yes,Sometimes,Unknown,Yes,Yes,No,No,Yes,Somewhat difficult,No,No,Yes,Yes,No
37,Male,United Kingdom,No,Sometimes,Unknown,No,Yes,No,No,Don't know,Very difficult,Yes,Maybe,Some of them,No,No
32,Male,United Kingdom,Yes,Sometimes,Unknown,Yes,Yes,Don't know,Don't know,Don't know,Very easy,Maybe,Maybe,Yes,Don't know,Yes
25,Male,United States,Yes,Sometimes,More than 1000,No,No,Yes,Yes,Yes,Don't know,Maybe,No,Some of them,No,Yes
35,Female,United States,Yes,Rarely,Unknown,Yes,Yes,Don't know,Don't know,Don't know,Don't know,No,No,Yes,Yes,No
28,Male,United Kingdom,Yes,Often,26-100,No,Yes,No,No,Don't know,Somewhat easy,Maybe,Maybe,Yes,No,No
28,Male,France,No,Never,26-100,No,Yes,No,No,Don't know,Don't know,Maybe,No,Some of them,Don't know,No
30,Male,Ireland,No,Sometimes,26-100,Yes,Yes,Don't know,No,Don't know,Very difficult,Maybe,Maybe,Some of them,No,No
42,Male,United States,No,Rarely,Unknown,Yes,No,No,No,Don't know,Very easy,No,No,Some of them,Yes,No
26,Male,Canada,Yes,Often,Unknown,No,Yes,No,Don't know,Don't know,Don't know,Maybe,No,Some of them,Yes,No
31,Female,United States,Yes,Sometimes,100-500,No,Yes,No,No,Don't know,Don't know,No,No,Some of them,Don't know,No
35,Male,Denmark,Yes,Often,Unknown,No,Yes,Yes,No,Don't know,Somewhat easy,No,No,Some of them,Yes,No
40,Female,United States,Yes,Never,100-500,Yes,Yes,Yes,No,Don't know,Don't know,Yes,Yes,No,Don't know,No
40,Male,United States,Yes,Sometimes,Unknown,Yes,Yes,No,No,Yes,Very easy,No,No,Yes,Yes,No
32,Female,United States,Yes,Often,100-500,No,Yes,No,Don't know,Don't know,Don't know,Yes,No,Some of them,Don't know,No
38,Female,United States,Yes,Sometimes,26-100,No,No,No,Don't know,Don't know,Don't know,Maybe,No,No,Don't know,No
43,Female,United States,Yes,Rarely,More than 1000,Yes,Yes,No,Yes,Don't know,Don't know,No,No,Some of them,Don't know,No
33,Male,United States,Yes,Sometimes,More than 1000,No,Yes,Yes,Yes,Don't know,Don't know,Yes,No,No,Don't know,No
32,Female,United States,No,Never,100-500,No,Yes,No,No,Don't know,Don't know,Maybe,No,No,Don't know,No
38,Male,United States,No,Rarely,26-100,Yes,Yes,No,No,Don't know,Don't know,Yes,No,No,No,No
31,Male,Philippines,No,Sometimes,More than 1000,No,Yes,No,No,Don't know,Very difficult,Yes,Yes,Some of them,No,Yes
36,Male,United States,No,Never,Unknown,Yes,Yes,Don't know,Don't know,Don't know,Very easy,No,No,Some of them,Don't know,No
30,Male,United States,Yes,Often,More than 1000,No,Yes,Yes,No,Don't know,Very difficult,Yes,No,Some of them,No,Yes
33,Female,United States,No,Often,More than 1000,No,Yes,Don't know,Don't know,Don't know,Don't know,Yes,No,No,Don't know,No
41,Male,United States,No,Rarely,500-1000,Yes,Yes,No,Don't know,Don't know,Don't know,Maybe,Maybe,Some of them,No,No
23,Female,United Kingdom,Yes,Never,More than 1000,No,No,No,Yes,Don't know,Somewhat easy,Yes,Maybe,No,Don't know,No
43,Male,United States,No,Sometimes,100-500,Yes,Yes,No,Yes,Yes,Very difficult,Yes,Maybe,Some of them,No,Yes
32,Male,United States,Yes,Sometimes,Unknown,Yes,Yes,Don't know,Don't know,Don't know,Very difficult,Yes,Maybe,Some of them,No,No
34,Female,United States,No,Sometimes,500-1000,No,No,Yes,Yes,Yes,Somewhat easy,Maybe,No,Some of them,Yes,No
25,Male,United Kingdom,No,Never,26-100,No,Yes,No,No,Don't know,Somewhat difficult,Yes,Maybe,No,No,No
27,Female,New Zealand,Yes,Rarely,100-500,Yes,Yes,No,No,Don't know,Somewhat easy,Maybe,Maybe,Some of them,Don't know,No
32,Male,United States,No,Rarely,Unknown,No,Yes,No,Don't know,Don't know,Don't know,Maybe,No,No,Don't know,No
35,Male,United States,Yes,Sometimes,Unknown,No,Yes,No,No,Don't know,Somewhat easy,Maybe,Maybe,Some of them,Don't know,No
30,Male,United Kingdom,Yes,Sometimes,More than 1000,No,Yes,No,Don't know,Yes,Don't know,Maybe,No,Some of them,Yes,No
22,Male,Netherlands,Yes,Sometimes,Unknown,Yes,Yes,No,Don't know,Don't know,Somewhat easy,No,No,Some of them,Yes,No
39,Male,United Kingdom,Yes,Sometimes,More than 1000,No,No,No,No,Yes,Very easy,Maybe,Maybe,Some of them,Yes,No
19,Male,Canada,No,Sometimes,26-100,No,Yes,No,No,Don't know,Somewhat difficult,No,No,Some of them,Don't know,No
32,Male,Canada,No,Never,Unknown,Yes,Yes,No,No,Don't know,Very easy,No,No,Yes,Yes,No
40,Male,United States,Yes,Sometimes,Unknown,No,Yes,Don't know,Don't know,Yes,Very easy,Maybe,No,Some of them,Don't know,No
27,Male,Brazil,No,Rarely,Unknown,No,Yes,No,No,Don't know,Somewhat easy,Maybe,No,Some of them,No,No
26,Female,United States,Yes,Rarely,More than 1000,Yes,Yes,Yes,Don't know,Don't know,Somewhat easy,Maybe,No,Some of them,Don't know,No
23,Male,Canada,No,Often,26-100,No,Yes,Yes,Don't know,Don't know,Don't know,Maybe,No,Yes,Don't know,No
43,Male,United States,Yes,Often,More than 1000,Yes,Yes,No,Don't know,Don't know,Very difficult,Yes,Maybe,No,No,No
28,Female,United States,No,Rarely,Unknown,No,Yes,No,No,Don't know,Somewhat easy,Yes,Yes,Some of them,No,Yes
23,Male,United States,No,Rarely,100-500,No,Yes,Don't know,Don't know,Don't know,Don't know,No,No,Some of them,Yes,No
28,Male,United States,No,Never,Unknown,No,Yes,No,Don't know,Don't know,Don't know,No,No,Some of them,Don't know,No
33,Male,United States,No,Often,Unknown,Yes,Yes,No,No,Yes,Somewhat easy,Yes,Maybe,Some of them,Don't know,No
28,Female,United States,Yes,Sometimes,100-500,No,Yes,Don't know,Don't know,Don't know,Don't know,Maybe,No,Some of them,Yes,No
29,Male,United States,Yes,Sometimes,26-100,No,Yes,No,No,No,Somewhat difficult,Yes,No,Some of them,Don't know,No
46,Male,United States,No,Sometimes,More than 1000,No,Yes,Yes,Yes,Don't know,Don't know,Maybe,No,Some of them,Yes,No
36,Male,United States,Yes,Never,500-1000,No,Yes,No,Don't know,Don't know,Don't know,No,No,Yes,Don't know,No
32,Male,United States,No,Sometimes,26-100,No,Yes,Yes,Yes,Yes,Somewhat difficult,Maybe,No,Some of them,Yes,No
38,Male,Ireland,Yes,Sometimes,Unknown,No,Yes,No,No,No,Very difficult,Yes,Yes,No,No,No
30,Male,United States,No,Never,Unknown,Yes,Yes,No,No,Yes,Somewhat easy,Maybe,Maybe,Some of them,Don't know,No
39,Female,United States,No,Sometimes,Unknown,Yes,Yes,No,No,Don't know,Don't know,Maybe,Maybe,Some of them,No,No
40,Male,China,No,Sometimes,Unknown,Yes,Yes,No,No,Don't know,Somewhat easy,No,No,Some of them,Don't know,No
32,Male,United Kingdom,Yes,Rarely,Unknown,No,No,No,No,No,Don't know,Yes,Maybe,Some of them,No,No
29,Male,United States,Yes,Often,100-500,No,Yes,Yes,Yes,Don't know,Don't know,No,No,Some of them,Don't know,No
33,Male,United States,No,Sometimes,More than 1000,No,Yes,Don't know,Don't know,Don't know,Don't know,Maybe,Maybe,Some of them,Don't know,No
25,Female,United States,No,Sometimes,Unknown,No,Yes,No,No,No,Somewhat easy,Maybe,No,Some of them,Yes,No
39,Male,United States,Yes,Sometimes,More than 1000,No,Yes,Yes,Yes,Don't know,Don't know,Maybe,Maybe,Some of them,Don't know,Yes
31,Male,United States,No,Never,26-100,No,Yes,No,Don't know,Yes,Very easy,Maybe,No,No,Don't know,No
26,Male,United States,No,Never,More than 1000,No,No,No,Don't know,Don't know,Somewhat difficult,Maybe,No,No,Don't know,No
29,Male,United States,No,Never,Unknown,No,Yes,No,Yes,Yes,Don't know,Maybe,No,Some of them,No,No
34,Female,Canada,Yes,Sometimes,More than 1000,No,No,Yes,No,Don't know,Somewhat easy,No,No,Some of them,No,No
23,Female,United States,No,Rarely,More than 1000,No,Yes,No,No,Yes,Somewhat difficult,Maybe,No,Yes,No,No
31,Male,United States,Yes,Sometimes,Unknown,No,Yes,No,No,Don't know,Somewhat easy,Maybe,No,Yes,Don't know,No
32,Male,United States,Yes,Rarely,Unknown,Yes,Yes,No,No,Don't know,Very difficult,Yes,No,Some of them,Don't know,No
27,Female,Australia,Yes,Sometimes,Unknown,No,Yes,No,No,No,Somewhat difficult,Yes,No,Some of them,No,No
27,Female,United States,No,Sometimes,500-1000,No,Yes,Don't know,Yes,Don't know,Don't know,No,No,Some of them,Yes,No
24,Male,United States,No,Never,26-100,No,Yes,No,Don't know,Don't know,Don't know,No,No,Some of them,Don't know,No
38,Male,United States,Yes,Sometimes,100-500,No,Yes,Don't know,Don't know,Don't know,Don't know,Maybe,No,Some of them,Don't know,No
29,Female,United States,Yes,Rarely,500-1000,Yes,No,Yes,Don't know,Yes,Don't know,Maybe,No,Some of them,Don't know,No
25,Male,United States,Yes,Sometimes,More than 1000,No,Yes,Don't know,Yes,Don't know,Don't know,No,No,Yes,Yes,No
31,Male,United States,No,Never,More than 1000,No,Yes,No,Yes,Don't know,Don't know,No,No,Some of them,Don't know,No
23,Female,United Kingdom,No,Sometimes,Unknown,No,Yes,Don't know,Don't know,Don't know,Don't know,Maybe,Maybe,Some of them,Yes,No
48,Male,United States,No,Never,More than 1000,No,Yes,Yes,Yes,Yes,Don't know,Maybe,Maybe,Yes,Yes,Yes
28,Male,United States,No,Sometimes,More than 1000,No,Yes,No,No,Yes,Somewhat difficult,Maybe,No,Some of them,No,No
36,Male,United Kingdom,No,Sometimes,More than 1000,No,No,Yes,Yes,Yes,Somewhat easy,Maybe,Maybe,Some of them,Don't know,Yes
34,Male,United States,No,Sometimes,100-500,No,Yes,Yes,Don't know,Yes,Don't know,Maybe,No,Some of them,Don't know,No
31,Male,Canada,Yes,Sometimes,Unknown,Yes,Yes,No,No,Yes,Somewhat easy,No,No,No,Yes,No
25,Male,Germany,No,Never,More than 1000,No,No,Don't know,Yes,Don't know,Don't know,No,No,Yes,Don't know,No
30,Male,Germany,No,Often,26-100,No,Yes,Don't know,No,Don't know,Somewhat easy,Maybe,No,Some of them,Don't know,No
34,Male,Ireland,Yes,Never,Unknown,Yes,Yes,No,No,Don't know,Don't know,Maybe,No,Some of them,Don't know,No
18,Male,Netherlands,No,Often,Unknown,No,Yes,No,No,Don't know,Somewhat difficult,Yes,Maybe,No,No,No
31,Male,United Kingdom,No,Often,Unknown,No,Yes,No,No,Don't know,Don't know,Maybe,No,Some of them,Don't know,No
23,Male,United States,Yes,Sometimes,26-100,Yes,No,No,Don't know,Yes,Somewhat easy,Maybe,No,Some of them,Yes,No
34,Male,United States,No,Never,Unknown,Yes,Yes,No,No,Don't know,Don't know,Yes,Yes,No,Don't know,No
26,Female,United States,Yes,Rarely,100-500,No,Yes,No,No,Don't know,Don't know,Maybe,Maybe,No,No,No
45,Male,Ireland,No,Often,Unknown,No,Yes,No,No,Don't know,Very difficult,No,No,No,Don't know,No
26,Female,Australia,Yes,Sometimes,100-500,No,No,Yes,Yes,Don't know,Somewhat easy,No,No,Yes,Don't know,No
43,Male,United Kingdom,No,Never,26-100,No,Yes,No,Don't know,Don't know,Don't know,No,No,Yes,Don't know,No
36,Male,United States,No,Sometimes,100-500,Yes,Yes,No,No,Don't know,Very difficult,Maybe,Maybe,Some of them,Don't know,No
45,Female,United States,No,Sometimes,Unknown,No,Yes,No,No,Yes,Somewhat difficult,No,No,Yes,Yes,No
34,Male,Poland,No,Never,More than 1000,Yes,Yes,No,No,Don't know,Don't know,Maybe,No,Some of them,Don't know,No
35,Male,Switzerland,Yes,Often,More than 1000,No,Yes,No,No,Yes,Very easy,No,No,Some of them,No,No
25,Female,United States,Yes,Sometimes,26-100,No,Yes,No,No,Yes,Don't know,No,No,Some of them,Don't know,No
30,Female,United States,Yes,Sometimes,500-1000,No,No,Yes,Yes,Yes,Somewhat easy,Maybe,Maybe,Some of them,No,Yes
35,Male,United Kingdom,No,Sometimes,Unknown,No,Yes,No,Don't know,Don't know,Somewhat easy,No,No,Some of them,Don't know,No
33,Female,United States,Yes,Rarely,More than 1000,No,Yes,Yes,Yes,Yes,Somewhat easy,No,No,Some of them,Yes,No
34,Male,United States,Yes,Sometimes,Unknown,No,Yes,No,No,Yes,Somewhat easy,No,No,Some of them,No,No
34,Male,United Kingdom,Yes,Sometimes,More than 1000,No,Yes,Don't know,Don't know,Yes,Very easy,No,No,Some of them,Yes,No
42,Male,United States,No,Often,More than 1000,No,Yes,Yes,Yes,Yes,Somewhat easy,Maybe,Maybe,Yes,Don't know,No
24,Male,United Kingdom,No,Never,Unknown,No,Yes,No,No,Yes,Don't know,Maybe,Maybe,No,Don't know,No
40,Male,United States,No,Never,100-500,No,Yes,No,Don't know,Don't know,Don't know,Maybe,No,Some of them,Don't know,No
32,Male,United States,Yes,Often,100-500,No,Yes,No,No,Don't know,Very difficult,Yes,No,Yes,No,No
46,Male,United States,No,Never,26-100,No,Yes,Yes,Don't know,Don't know,Very easy,No,No,Some of them,Don't know,No
31,Male,Australia,No,Rarely,100-500,No,Yes,Yes,Yes,Don't know,Somewhat easy,No,No,Yes,No,No
28,Male,United States,No,Rarely,100-500,No,No,Yes,Don't know,Don't know,Very easy,Maybe,No,Some of them,Yes,No
34,Female,Canada,Yes,Often,26-100,No,No,Yes,Don't know,Don't know,Somewhat easy,No,No,Some of them,Yes,No
28,Male,Belgium,No,Sometimes,More than 1000,No,No,No,No,Don't know,Somewhat easy,Yes,Maybe,No,Don't know,Yes
44,Male,United States,No,Never,Unknown,Yes,Yes,No,No,Yes,Somewhat difficult,No,No,No,Don't know,No
38,Female,United States,Yes,Sometimes,26-100,Yes,Yes,Don't know,Don't know,Don't know,Don't know,No,No,Some of them,Don't know,No
34,Male,United States,No,Never,26-100,No,Yes,No,No,Don't know,Very easy,Maybe,No,Some of them,Don't know,No
41,Male,United States,No,Rarely,More than 1000,No,Yes,Yes,Yes,Don't know,Don't know,Maybe,Maybe,Some of them,Yes,Yes
23,Female,United States,Yes,Sometimes,More than 1000,No,Yes,Yes,Yes,Yes,Somewhat easy,Yes,Maybe,No,Don't know,No
28,Male,Germany,No,Never,Unknown,Yes,Yes,Don't know,Don't know,Don't know,Very easy,No,No,Some of them,Yes,No
33,Male,United States,No,Often,26-100,Yes,Yes,No,No,Yes,Don't know,Maybe,No,Some of them,Don't know,No
24,Male,United States,Yes,Rarely,26-100,No,Yes,No,Don't know,Don't know,Somewhat easy,Maybe,Maybe,Some of them,Don't know,No
32,Male,United Kingdom,No,Never,Unknown,Yes,Yes,No,No,Don't know,Don't know,Yes,Yes,Some of them,No,No
40,Male,United States,Yes,Sometimes,Unknown,Yes,Yes,No,No,Don't know,Don't know,Maybe,Maybe,Some of them,No,No
35,Male,Germany,No,Sometimes,26-100,Yes,No,No,No,Don't know,Somewhat difficult,Yes,Maybe,Yes,Don't know,No
37,Male,United States,No,Often,More than 1000,No,No,No,No,Don't know,Don't know,Maybe,No,Some of them,No,No
38,Male,United Kingdom,No,Sometimes,More than 1000,No,No,Don't know,Don't know,Don't know,Very difficult,Yes,No,No,No,No
29,Male,Canada,No,Sometimes,100-500,No,Yes,Don't know,Don't know,Yes,Somewhat easy,Maybe,No,Some of them,Yes,No
35,Male,Germany,No,Rarely,100-500,No,No,Yes,Don't know,Don't know,Very easy,No,No,Some of them,Yes,No
26,Male,United States,No,Often,26-100,No,No,No,No,Don't know,Don't know,Yes,Maybe,Some of them,No,No
35,Male,United States,Yes,Rarely,100-500,Yes,No,No,No,Yes,Very difficult,Yes,No,Some of them,No,No
26,Male,Canada,No,Sometimes,Unknown,No,Yes,Yes,No,Don't know,Don't know,No,No,Yes,Yes,No
24,Male,United States,Yes,Sometimes,100-500,No,Yes,No,No,Don't know,Somewhat difficult,Yes,No,Some of them,No,Yes
36,Female,United Kingdom,No,Sometimes,Unknown,Yes,Yes,Don't know,Don't know,Don't know,Don't know,Maybe,No,Some of them,Don't know,No
31,Male,United States,Yes,Rarely,Unknown,Yes,Yes,No,No,Don't know,Somewhat difficult,Yes,No,No,No,Yes
29,Male,Netherlands,No,Never,Unknown,Yes,Yes,No,No,Yes,Somewhat easy,No,No,Yes,Yes,No
27,Male,United Kingdom,No,Sometimes,More than 1000,No,No,No,No,Yes,Somewhat easy,Maybe,No,Yes,No,No
35,Female,United States,Yes,Sometimes,Unknown,Yes,Yes,No,No,No,Somewhat difficult,Maybe,Maybe,Some of them,Don't know,No
45,Male,United States,No,Sometimes,More than 1000,No,Yes,Don't know,Don't know,Don't know,Don't know,Yes,Yes,Some of them,Don't know,No
24,Female,United States,Yes,Rarely,Unknown,No,Yes,No,No,Don't know,Very easy,Yes,No,No,Yes,No
47,Male,United States,Yes,Sometimes,More than 1000,No,Yes,Yes,Yes,Don't know,Very easy,No,No,Some of them,Yes,No
33,Female,United States,No,Never,500-1000,No,Yes,Yes,Yes,Don't know,Very easy,Maybe,No,Some of them,Yes,No
29,Female,United States,No,Sometimes,More than 1000,No,Yes,Don't know,No,Don't know,Very easy,Maybe,Maybe,Some of them,Don't know,No
42,Male,United States,No,Often,Unknown,No,Yes,No,Don't know,Don't know,Don't know,Yes,Maybe,No,Don't know,No
31,Male,United States,No,Sometimes,Unknown,Yes,Yes,No,No,Don't know,Don't know,No,No,Some of them,Don't know,No
34,Male,Finland,No,Never,Unknown,No,Yes,No,No,Don't know,Somewhat easy,No,No,Yes,Don't know,No
31,Male,United Kingdom,Yes,Often,26-100,No,Yes,No,No,No,Somewhat difficult,Yes,Yes,Some of them,No,Yes
37,Male,Australia,Yes,Sometimes,26-100,No,Yes,No,No,Yes,Very easy,No,No,Some of them,Yes,Yes
38,Female,South Africa,Yes,Often,Unknown,Yes,Yes,No,No,Yes,Somewhat easy,Maybe,Maybe,Some of them,Don't know,Yes
40,Female,United States,Yes,Sometimes,26-100,No,Yes,No,Yes,Yes,Somewhat easy,No,No,Yes,Yes,Yes
23,Male,Canada,No,Never,26-100,No,Yes,Don't know,Don't know,Don't know,Don't know,No,No,Yes,Yes,No
18,Male,United States,No,Never,26-100,No,Yes,Don't know,Don't know,Don't know,Very easy,No,No,Some of them,Yes,No
27,Male,United States,No,Rarely,26-100,Yes,Yes,No,No,Don't know,Somewhat difficult,Maybe,No,Some of them,Don't know,Yes
32,Male,United Kingdom,Yes,Sometimes,Unknown,No,No,Yes,Yes,Yes,Somewhat easy,Maybe,Maybe,Some of them,No,No
42,Male,United States,No,Never,100-500,No,No,Yes,No,Don't know,Very difficult,Maybe,No,Yes,No,No
40,Male,United States,Yes,Sometimes,More than 1000,Yes,No,Yes,Don't know,Don't know,Don't know,Yes,Maybe,Some of them,No,No
29,Male,United States,No,Rarely,Unknown,No,Yes,No,No,Don't know,Don't know,Maybe,No,Some of them,Don't know,No
27,Male,Canada,No,Never,26-100,No,Yes,Yes,No,Yes,Very easy,No,No,Yes,Yes,No
32,Male,United States,No,Sometimes,More than 1000,No,Yes,No,Yes,Don't know,Somewhat easy,No,No,Yes,Don't know,No
29,Male,United Kingdom,No,Sometimes,Unknown,Yes,Yes,No,No,Don't know,Very easy,No,No,Yes,Yes,No
25,Female,United States,Yes,Often,Unknown,Yes,Yes,No,No,Yes,Somewhat difficult,Yes,No,Some of them,No,Yes
25,Female,United States,Yes,Sometimes,More than 1000,No,Yes,Yes,No,Don't know,Don't know,Yes,Yes,No,No,No
25,Male,United Kingdom,Yes,Sometimes,26-100,Yes,Yes,No,No,Yes,Very easy,No,No,Some of them,Yes,No
29,Male,Bulgaria,No,Never,100-500,Yes,Yes,No,No,Don't know,Don't know,No,No,Yes,Don't know,No
23,Female,United States,No,Sometimes,More than 1000,No,Yes,Yes,Yes,Don't know,Don't know,No,No,Some of them,Yes,No
48,Male,United States,No,Never,Unknown,No,Yes,No,Don't know,Don't know,Don't know,Maybe,No,No,Don't know,No
28,Female,United States,Yes,Sometimes,26-100,No,Yes,No,No,Don't know,Don't know,Yes,Maybe,Some of them,Don't know,No
29,Male,United States,No,Never,26-100,No,Yes,No,Don't know,Don't know,Don't know,No,No,Some of them,No,Yes
27,Male,New Zealand,No,Rarely,26-100,No,Yes,No,Yes,No,Somewhat difficult,Yes,No,No,No,Yes
31,Male,United Kingdom,Yes,Never,Unknown,No,Yes,No,Don't know,Don't know,Somewhat easy,No,No,Some of them,Don't know,No
22,Male,United States,Yes,Often,Unknown,No,Yes,No,No,Yes,Very difficult,Maybe,No,No,Don't know,No
30,Female,United States,Yes,Often,More than 1000,No,No,No,No,Don't know,Somewhat difficult,Yes,No,No,No,No
23,Male,United Kingdom,No,Never,26-100,No,Yes,Yes,Don't know,Don't know,Very easy,No,No,Some of them,Yes,No
23,Male,Germany,Yes,Sometimes,Unknown,No,Yes,No,No,Don't know,Somewhat easy,Maybe,No,No,Don't know,No
32,Male,United States,No,Sometimes,Unknown,No,Yes,No,No,Yes,Somewhat easy,No,No,Some of them,Yes,No
26,Male,Canada,No,Sometimes,Unknown,Yes,Yes,No,No,Don't know,Very difficult,Yes,Maybe,Some of them,Don't know,No
32,Male,United States,No,Sometimes,Unknown,Yes,Yes,Don't know,Don't know,Don't know,Very easy,No,No,Yes,Don't know,No
24,Male,Germany,Yes,Sometimes,100-500,No,Yes,No,No,Don't know,Somewhat easy,No,No,Some of them,Don't know,No
29,Male,United States,No,Never,More than 1000,No,Yes,Yes,Don't know,Don't know,Somewhat easy,No,No,Some of them,Don't know,No
21,Male,United States,No,Sometimes,Unknown,No,No,No,Yes,Yes,Don't know,No,No,Some of them,Yes,No
27,Male,Canada,No,Sometimes,Unknown,Yes,Yes,No,No,No,Very difficult,Yes,Yes,Some of them,No,No
27,Female,United States,Yes,Often,More than 1000,No,Yes,Yes,Yes,Yes,Very difficult,Maybe,No,Yes,No,Yes
30,Male,United Kingdom,No,Sometimes,26-100,No,Yes,No,Don't know,Don't know,Don't know,Yes,Maybe,No,Don't know,No
28,Male,United Kingdom,Yes,Sometimes,More than 1000,No,Yes,No,No,Don't know,Don't know,Maybe,Maybe,Some of them,Don't know,No
36,Male,United States,No,Sometimes,Unknown,No,No,No,No,No,Very difficult,No,No,No,No,Yes
24,Male,United Kingdom,No,Sometimes,Unknown,No,Yes,No,No,Don't know,Don't know,Maybe,Maybe,Some of them,No,Yes
31,Female,Canada,Yes,Sometimes,100-500,Yes,Yes,Don't know,Don't know,Don't know,Don't know,Maybe,Maybe,Some of them,Yes,No
32,Male,United States,No,Rarely,Unknown,Yes,Yes,No,No,Don't know,Very difficult,No,No,Some of them,Yes,No
44,Male,United States,Yes,Sometimes,100-500,No,Yes,No,Yes,Yes,Don't know,Maybe,No,Some of them,Don't know,No
30,Male,United States,Yes,Often,Unknown,No,Yes,No,Don't know,Don't know,Somewhat easy,Maybe,No,Some of them,Don't know,No
36,Male,Poland,Yes,Often,Unknown,No,Yes,No,No,Don't know,Somewhat easy,No,No,Some of them,Yes,Yes
32,Male,United Kingdom,Yes,Sometimes,Unknown,No,Yes,No,Don't know,Don't know,Somewhat easy,No,No,Some of them,Don't know,No
26,Female,United States,No,Sometimes,26-100,Yes,Yes,No,Don't know,Don't know,Don't know,Maybe,No,Some of them,Don't know,Yes
26,Female,United States,Yes,Never,More than 1000,No,Yes,No,Yes,Yes,Don't know,Maybe,No,No,Don't know,No
34,Male,United Kingdom,Yes,Often,26-100,No,Yes,No,No,Yes,Very easy,Maybe,Maybe,Yes,No,No
31,Male,United Kingdom,No,Rarely,Unknown,No,Yes,No,No,Don't know,Don't know,No,No,Some of them,Don't know,No
26,Female,Canada,Yes,Sometimes,26-100,No,No,No,No,No,Very difficult,Yes,No,No,No,Yes
38,Male,United Kingdom,Yes,Rarely,Unknown,Yes,No,No,No,Yes,Very difficult,Maybe,No,No,No,No
26,Male,United States,No,Sometimes,Unknown,No,Yes,No,No,Don't know,Don't know,Yes,Yes,Some of them,No,No
36,Male,United States,Yes,Sometimes,More than 1000,No,Yes,No,Yes,Don't know,Somewhat difficult,Yes,No,Some of them,No,No
18,Male,United States,No,Rarely,Unknown,Yes,Yes,No,No,Yes,Very easy,No,No,Some of them,Don't know,No
25,Male,United States,Yes,Sometimes,26-100,No,No,No,Don't know,Don't know,Somewhat difficult,Maybe,No,Some of them,No,No
37,Male,United States,No,Never,More than 1000,No,Yes,Yes,Yes,Don't know,Don't know,No,No,Some of them,Don't know,No
26,Male,United Kingdom,No,Sometimes,More than 1000,No,Yes,Don't know,Don't know,Yes,Somewhat easy,No,No,Yes,Don't know,No
33,Female,United States,Yes,Sometimes,Unknown,No,Yes,Yes,Yes,Yes,Somewhat easy,Maybe,Yes,Some of them,No,No
36,Male,United States,No,Never,Unknown,No,Yes,Don't know,Don't know,Don't know,Don't know,No,No,Some of them,Don't know,No
35,Female,United States,No,Sometimes,100-500,Yes,Yes,Don't know,Don't know,Don't know,Very easy,Maybe,No,Some of them,Yes,No
37,Male,United Kingdom,Yes,Rarely,Unknown,No,Yes,No,No,Yes,Somewhat easy,Yes,No,Some of them,No,Yes
24,Male,United States,No,Never,Unknown,No,Yes,No,Don't know,Don't know,Very easy,Maybe,No,Some of them,Yes,No
29,Male,Germany,Yes,Sometimes,26-100,No,Yes,No,No,Don't know,Very easy,Maybe,No,Some of them,Don't know,No
34,Female,United States,No,Sometimes,Unknown,No,Yes,No,No,Don't know,Very easy,No,No,Some of them,Yes,No
27,Female,United States,No,Sometimes,100-500,No,Yes,Yes,Don't know,Don't know,Somewhat easy,Yes,No,Some of them,No,No
33,Male,United States,No,Never,More than 1000,No,Yes,Yes,Don't know,Don't know,Don't know,Maybe,No,Some of them,Yes,No
22,Male,Australia,Yes,Sometimes,Unknown,Yes,Yes,Yes,Yes,Don't know,Somewhat easy,Maybe,No,Some of them,No,Yes
37,Male,United States,Yes,Sometimes,100-500,No,Yes,Don't know,Don't know,Don't know,Don't know,Maybe,No,Some of them,Don't know,No
24,Male,United Kingdom,Yes,Often,Unknown,Yes,Yes,No,No,Don't know,Don't know,Maybe,No,Some of them,Don't know,No
36,Male,United States,No,Sometimes,More than 1000,No,No,No,No,Don't know,Somewhat difficult,Yes,Maybe,Some of them,No,Yes
33,Male,United States,Yes,Often,More than 1000,Yes,Yes,No,No,Don't know,Somewhat easy,Yes,No,No,No,No
29,Male,United Kingdom,No,Sometimes,100-500,No,Yes,No,No,Don't know,Somewhat difficult,No,No,Some of them,No,No
34,Male,United States,No,Never,Unknown,Yes,Yes,Don't know,Don't know,Don't know,Somewhat easy,Maybe,Maybe,No,Don't know,No
34,Male,United States,No,Rarely,Unknown,Yes,Yes,No,No,Don't know,Don't know,Maybe,No,Some of them,Don't know,No
30,Male,United States,Yes,Never,100-500,No,Yes,No,Don't know,Don't know,Very easy,No,No,Some of them,Don't know,No
23,Male,Canada,No,Sometimes,Unknown,No,Yes,No,No,Don't know,Somewhat easy,Maybe,Maybe,Some of them,Don't know,No
37,Female,United States,No,Often,Unknown,Yes,Yes,No,No,Yes,Somewhat difficult,Yes,No,Some of them,No,Yes
32,Male,United States,No,Sometimes,26-100,No,Yes,Yes,Don't know,Yes,Don't know,No,No,Some of them,Don't know,No
33,Male,United States,No,Never,More than 1000,No,Yes,Yes,Yes,Yes,Somewhat easy,No,No,Some of them,Yes,No
31,Male,South Africa,No,Never,100-500,Yes,Yes,No,No,No,Don't know,No,No,Some of them,No,No
30,Male,United States,No,Often,Unknown,No,Yes,No,No,Yes,Somewhat easy,No,No,Yes,Yes,No
34,Male,United States,No,Sometimes,26-100,Yes,Yes,No,Don't know,Don't know,Somewhat difficult,No,No,Some of them,No,No
23,Male,United Kingdom,No,Never,26-100,No,Yes,No,No,Don't know,Somewhat easy,Maybe,No,Some of them,Yes,Yes
29,Female,United States,No,Never,500-1000,No,No,No,Don't know,Don't know,Somewhat difficult,Maybe,No,Some of them,Don't know,No
42,Male,United States,No,Rarely,More than 1000,No,No,No,Don't know,Don't know,Don't know,Maybe,No,Some of them,No,No
29,Female,United States,Yes,Rarely,26-100,No,Yes,No,No,Don't know,Somewhat easy,No,No,Yes,Don't know,No
21,Male,Germany,No,Rarely,Unknown,Yes,Yes,No,No,Don't know,Very easy,Maybe,Maybe,Some of them,No,No
44,Female,United States,No,Never,100-500,No,Yes,Don't know,Don't know,Don't know,Don't know,Maybe,Maybe,No,Don't know,No
29,Female,Australia,Yes,Sometimes,More than 1000,No,No,Yes,Yes,No,Somewhat difficult,Yes,No,Some of them,No,Yes
36,Male,United States,No,Sometimes,100-500,Yes,Yes,Don't know,Yes,Don't know,Don't know,Maybe,No,Some of them,Yes,No
31,Male,United States,No,Never,Unknown,Yes,Yes,No,No,Yes,Somewhat difficult,No,No,Some of them,Yes,No
27,Male,Australia,No,Often,100-500,Yes,Yes,No,No,Don't know,Don't know,Maybe,No,Some of them,No,Yes
32,Male,Canada,No,Sometimes,26-100,Yes,Yes,No,No,Yes,Very difficult,Yes,Maybe,Some of them,No,Yes
29,Female,Canada,No,Rarely,More than 1000,Yes,No,Yes,Don't know,Yes,Somewhat easy,No,No,No,Don't know,No
29,Male,United States,Yes,Sometimes,100-500,No,Yes,No,No,No,Somewhat difficult,Maybe,No,Some of them,No,No
29,Male,Canada,No,Often,Unknown,No,Yes,No,No,Don't know,Somewhat difficult,Yes,No,No,Don't know,No
29,Male,United States,Yes,Sometimes,26-100,No,Yes,Don't know,Don't know,Don't know,Don't know,Maybe,No,Some of them,Yes,No
32,Male,United States,Yes,Rarely,More than 1000,No,No,Yes,Yes,Yes,Don't know,No,No,Some of them,Yes,No
36,Male,South Africa,Yes,Often,100-500,No,No,No,No,Don't know,Somewhat easy,No,No,Some of them,Yes,No
32,Male,United Kingdom,No,Never,Unknown,No,Yes,No,No,Don't know,Don't know,No,No,Yes,Yes,No
28,Male,Australia,No,Often,100-500,Yes,Yes,No,No,Don't know,Don't know,Yes,No,No,No,No
34,Male,United States,No,Often,Unknown,No,Yes,No,Yes,Don't know,Very easy,No,No,Some of them,Yes,No
30,Male,Australia,No,Sometimes,26-100,No,Yes,No,No,Don't know,Very easy,No,No,Some of them,Don't know,No
30,Male,United States,No,Sometimes,26-100,Yes,Yes,Don't know,Don't know,Don't know,Don't know,No,No,Some of them,Don't know,No
41,Male,United States,No,Often,Unknown,Yes,Yes,No,No,Don't know,Very difficult,Maybe,Maybe,Some of them,Don't know,No
43,Male,Germany,No,Sometimes,26-100,No,No,Don't know,No,Don't know,Somewhat easy,Maybe,No,Some of them,No,Yes
23,Male,United States,Yes,Sometimes,100-500,No,Yes,No,Don't know,Don't know,Don't know,Maybe,No,Some of them,No,No
23,Male,Sweden,No,Rarely,Unknown,No,Yes,No,Don't know,Don't know,Very easy,No,No,Some of them,Yes,No
23,Male,United States,No,Often,26-100,No,No,Yes,No,Yes,Somewhat easy,No,No,Some of them,Yes,No
39,Male,United Kingdom,No,Sometimes,500-1000,No,No,No,No,Don't know,Don't know,Maybe,Maybe,Some of them,Don't know,No
40,Male,United States,No,Sometimes,26-100,No,Yes,No,No,Yes,Very difficult,No,No,Yes,No,No
32,Male,United Kingdom,No,Rarely,500-1000,No,Yes,No,No,Don't know,Don't know,Yes,No,No,Don't know,No
33,Male,Italy,No,Never,Unknown,No,No,No,No,Don't know,Don't know,Maybe,Maybe,Some of them,No,No
27,Male,United Kingdom,No,Rarely,More than 1000,Yes,No,No,Yes,Don't know,Don't know,No,No,Some of them,Don't know,No
31,Male,United Kingdom,Yes,Sometimes,Unknown,No,Yes,No,No,Don't know,Somewhat easy,Maybe,Maybe,No,Yes,No
36,Male,United States,No,Never,More than 1000,No,Yes,Yes,Yes,Yes,Very easy,No,No,Some of them,Yes,No
31,Male,United States,No,Sometimes,More than 1000,No,Yes,Yes,Yes,Yes,Don't know,Yes,Maybe,Some of them,Yes,No
27,Male,United States,Yes,Rarely,26-100,No,Yes,No,No,Yes,Don't know,Maybe,No,No,Don't know,No
23,Male,United States,Yes,Sometimes,Unknown,No,Yes,No,Don't know,Don't know,Don't know,Maybe,No,No,Don't know,No
30,Male,United States,Yes,Never,100-500,No,Yes,Don't know,Yes,Don't know,Very difficult,Yes,Yes,Some of them,No,No
30,Female,United States,Yes,Sometimes,26-100,No,Yes,Yes,Don't know,Yes,Very easy,No,No,Some of them,Yes,No
33,Female,United States,No,Sometimes,500-1000,Yes,Yes,Yes,Yes,Don't know,Very easy,No,No,Some of them,Don't know,No
23,Female,India,Yes,Sometimes,More than 1000,No,Yes,No,Don't know,Don't know,Don't know,Yes,Maybe,No,Don't know,No
41,Male,United States,Yes,Sometimes,More than 1000,No,Yes,Yes,Yes,Don't know,Don't know,Maybe,No,Some of them,No,No
23,Male,United Kingdom,No,Sometimes,Unknown,No,Yes,No,No,Don't know,Very difficult,Maybe,No,Yes,No,Yes
32,Male,United Kingdom,Yes,Sometimes,Unknown,Yes,Yes,No,No,Don't know,Don't know,No,No,Yes,Yes,No
46,Male,United States,Yes,Sometimes,Unknown,Yes,Yes,Yes,Don't know,Yes,Very easy,No,No,Yes,Yes,Yes
31,Female,United States,Yes,Often,26-100,No,Yes,No,No,No,Very difficult,Yes,No,No,No,Yes
28,Female,United States,No,Rarely,More than 1000,No,No,No,Don't know,Don't know,Don't know,Maybe,No,No,Don't know,No
43,Male,United States,No,Sometimes,Unknown,No,Yes,No,No,Don't know,Somewhat easy,No,No,Yes,Don't know,No
25,Male,United States,Yes,Sometimes,26-100,No,Yes,No,No,Don't know,Somewhat easy,Yes,No,Some of them,Don't know,No
21,Male,Canada,No,Sometimes,Unknown,Yes,Yes,No,No,Don't know,Somewhat difficult,No,No,Some of them,Yes,No
35,Male,United States,Yes,Rarely,Unknown,No,Yes,No,No,Yes,Somewhat easy,No,No,Some of them,Don't know,No
31,Male,United States,No,Never,More than 1000,No,Yes,No,Don't know,Don't know,Somewhat easy,Yes,No,Some of them,Don't know,No
36,Male,United States,No,Rarely,500-1000,Yes,Yes,Don't know,Don't know,Don't know,Don't know,Maybe,No,No,Don't know,No
43,Male,United States,No,Sometimes,Unknown,Yes,Yes,No,Don't know,Don't know,Don't know,Maybe,No,No,No,No
30,Male,Ireland,No,Sometimes,Unknown,Yes,Yes,No,No,Don't know,Somewhat difficult,No,No,Some of them,No,No
28,Male,Poland,No,Rarely,Unknown,Yes,Yes,No,No,Don't know,Don't know,No,No,Yes,Yes,No
35,Male,Canada,Yes,Sometimes,26-100,No,Yes,No,No,Don't know,Don't know,Maybe,Maybe,Some of them,No,No
35,Male,United States,No,Rarely,100-500,No,Yes,Don't know,Yes,Don't know,Don't know,No,No,Some of them,Don't know,No
21,Male,United States,Yes,Never,More than 1000,No,Yes,Don't know,Don't know,Don't know,Don't know,No,No,Some of them,Don't know,Yes
